name,datetime,tempmax,tempmin,temp,feelslikemax,feelslikemin,feelslike,dew,humidity,precip,precipprob,precipcover,preciptype,snow,snowdepth,windgust,windspeed,winddir,sealevelpressure,cloudcover,visibility,solarradiation,solarenergy,uvindex,severerisk,sunrise,sunset,moonphase,conditions,description,icon,stations
Tashkent,2023-04-30,31,16.6,24.7,28.9,16.6,24,3,27,0,0,0,,0,0,18.7,22.3,54.4,1008,64.8,11.3,299.7,25.8,9,10,2023-04-30T05:22:33,2023-04-30T19:18:52,0.33,Partially cloudy,Partly cloudy throughout the day.,partly-cloudy-day,"38583099999,38452099999,38457099999,UTTT"
Tashkent,2023-05-01,31,18.2,24.4,28.9,18.2,23.7,3.3,28.1,0,0,0,,0,0,27.4,18.4,15.8,1005.9,14.7,11.4,319.3,27.4,9,10,2023-05-01T05:21:13,2023-05-01T19:19:56,0.36,Clear,Clear conditions throughout the day.,clear-day,"38583099999,38452099999,38457099999,UTTT"
Tashkent,2023-05-02,29,15,21.4,27.4,15,21.2,5.4,38.2,0,0,0,,0,0,44.6,25.9,312.8,1008.9,0.8,10.1,322.7,28,9,10,2023-05-02T05:19:55,2023-05-02T19:21:00,0.39,Clear,Clear conditions throughout the day.,clear-day,"38583099999,38452099999,38457099999,UTTT"
Tashkent,2023-05-03,27,10.5,18.7,26,10.5,18.6,-0.8,31.5,0,0,0,,0,0,22,22.3,27.3,1013.4,8.1,12,330.4,28.6,10,10,2023-05-03T05:18:38,2023-05-03T19:22:03,0.42,Clear,Clear conditions throughout the day.,clear-day,"38583099999,38452099999,38457099999,UTTT"
Tashkent,2023-05-04,24,7,15.2,24,4.8,14.8,-3.2,31.6,0,0,0,,0,0,37.1,18.4,215.7,1013.6,34.2,12,337.5,29.2,10,10,2023-05-04T05:17:22,2023-05-04T19:23:07,0.45,Partially cloudy,Partly cloudy throughout the day.,partly-cloudy-day,"38583099999,38452099999,38457099999,UTTT"
Tashkent,2023-05-05,28,9,18.8,26.6,7.9,18.4,-4.4,24.5,0,0,0,,0,0,31.3,22.3,345.7,1013.6,43.2,12.7,336.9,29.2,10,10,2023-05-05T05:16:08,2023-05-05T19:24:10,0.5,Partially cloudy,Partly cloudy throughout the day.,partly-cloudy-day,"38583099999,38452099999,38457099999,UTTT"
Tashkent,2023-05-06,20,12,16.1,20,12,16.1,3.7,44.1,0,0,0,,0,0,27.4,22.3,269.5,1015.3,60.2,9.6,221.7,19.1,8,10,2023-05-06T05:14:55,2023-05-06T19:25:13,0.52,Partially cloudy,Partly cloudy throughout the day.,partly-cloudy-day,"38583099999,38452099999,38457099999,UTTT"
Tashkent,2023-05-07,22.4,11,16.9,22.4,11,16.9,7.1,54.5,0,0,0,,0,0,26.6,18.4,39.3,1017.7,62.2,10.4,289.3,25.2,8,10,2023-05-07T05:13:43,2023-05-07T19:26:16,0.56,Partially cloudy,Partly cloudy throughout the day.,partly-cloudy-day,"38583099999,38452099999,38457099999,UTTT,remote"
Tashkent,2023-05-08,25,10.5,18.5,25,10.5,18.5,6,47.6,0,0,0,,0,0,14.8,14.8,88.9,1017.8,16.1,10.7,324,28.1,9,10,2023-05-08T05:12:33,2023-05-08T19:27:19,0.59,Clear,Clear conditions throughout the day.,clear-day,"38583099999,38452099999,38457099999,UTTT"
Tashkent,2023-05-09,28.5,13.6,21.8,27.1,13.6,21.4,4.4,35.5,0,0,0,,0,0,22.3,14.8,19.9,1017.5,3.8,10.7,329.9,28.5,10,10,2023-05-09T05:11:24,2023-05-09T19:28:21,0.63,Clear,Clear conditions throughout the day.,clear-day,"38583099999,38452099999,38457099999,UTTT"
Tashkent,2023-05-10,32,16,24.6,29.8,16,23.7,3.1,28.8,0,0,0,,0,0,19.8,14.8,51.2,1015.3,44.5,10.1,324.8,27.9,10,10,2023-05-10T05:10:16,2023-05-10T19:29:23,0.66,Partially cloudy,Partly cloudy throughout the day.,partly-cloudy-day,"38583099999,38452099999,38457099999,UTTT"
Tashkent,2023-05-11,34,19,26.5,31.5,19,25.5,3.8,25.8,0,0,0,,0,0,26.3,18.4,20.8,1011.5,78.2,12,281.2,24.2,9,10,2023-05-11T05:09:10,2023-05-11T19:30:25,0.7,Partially cloudy,Partly cloudy throughout the day.,partly-cloudy-day,"38583099999,38452099999,38457099999,UTTT"
Tashkent,2023-05-12,30.1,21.6,25.6,28.7,21.6,25.1,8.5,34.9,0.129,100,8.33,rain,0,0,51.8,29.5,162.7,1013.7,43.3,10.7,268.5,23.3,8,10,2023-05-12T05:08:05,2023-05-12T19:31:26,0.75,"Rain, Partially cloudy",Partly cloudy throughout the day with rain.,rain,"38583099999,38452099999,38457099999,UTTT"
Tashkent,2023-05-13,31,20,24.9,29.4,20,24.4,10,40.8,0.009,100,4.17,rain,0,0,36,29.5,63.8,1014.6,41.5,9.9,310,26.8,9,10,2023-05-13T05:07:02,2023-05-13T19:32:27,0.77,"Rain, Partially cloudy",Partly cloudy throughout the day with morning rain.,rain,"38583099999,38452099999,38457099999,UTTT"
Tashkent,2023-05-14,31,18.2,25.7,29.5,18.2,25,8.8,36.4,0.034,100,4.17,rain,0,0,33.5,22.3,22,1011.1,22.1,10.1,327,28.1,9,10,2023-05-14T05:06:01,2023-05-14T19:33:27,0.81,"Rain, Partially cloudy",Partly cloudy throughout the day with morning rain.,rain,"38583099999,38452099999,38457099999,UTTT"
Tashkent,2023-05-15,34,19.6,27.3,31.5,19.6,26.2,6.4,29.3,0,0,0,,0,0,29.5,14.8,48.2,1005.2,28.2,10.7,333.1,28.8,10,10,2023-05-15T05:05:01,2023-05-15T19:34:27,0.84,Partially cloudy,Becoming cloudy in the afternoon.,partly-cloudy-day,"38583099999,38452099999,38457099999,UTTT"
Tashkent,2023-05-16,32,21,26.8,30.2,21,26.1,9.8,35.5,0.6,100,8.33,rain,0,0,44.6,25.9,351.1,1007.6,54.2,9.4,267.3,23.1,9,10,2023-05-16T05:04:03,2023-05-16T19:35:26,0.88,"Rain, Partially cloudy",Partly cloudy throughout the day with late afternoon rain.,rain,"38583099999,38452099999,38457099999,UTTT"
Tashkent,2023-05-17,22,14,17.5,22,14,17.5,10.7,66.5,2.071,100,4.17,rain,0,0,35.3,44.6,306.1,1015.1,64.5,7.9,115.6,9.7,4,10,2023-05-17T05:03:06,2023-05-17T19:36:25,0.91,"Rain, Partially cloudy",Partly cloudy throughout the day with late afternoon rain.,rain,"38583099999,38452099999,38457099999,UTTT"
Tashkent,2023-05-18,26.8,14.6,20.3,26.1,14.6,20.3,11.5,61.2,5.963,100,4.17,rain,0,0,15.8,16.2,264.7,1016,60.9,7.9,328.7,28.3,9,10,2023-05-18T05:02:11,2023-05-18T19:37:23,0.95,"Rain, Partially cloudy",Partly cloudy throughout the day with morning rain.,rain,"38583099999,38452099999,38457099999,UTTT,remote"
Tashkent,2023-05-19,26,16.8,21.5,26,16.8,21.5,9.9,48.6,0.291,100,4.17,rain,0,0,37.4,33.5,57.7,1014.1,48.1,10.1,237.7,20.5,9,10,2023-05-19T05:01:18,2023-05-19T19:38:21,0,"Rain, Partially cloudy",Partly cloudy throughout the day with late afternoon rain.,rain,"38583099999,38452099999,38457099999,UTTT,remote"
Tashkent,2023-05-20,29,14.2,22.9,27.7,14.2,22.5,8.2,43.4,0,0,0,,0,0,44.6,22.3,135.8,1013.6,39.5,11.2,319.8,27.5,9,10,2023-05-20T05:00:26,2023-05-20T19:39:18,0.02,Partially cloudy,Partly cloudy throughout the day.,partly-cloudy-day,"38583099999,38452099999,38457099999,UTTT"
Tashkent,2023-05-21,31,17,25.3,29,17,24.5,5.9,32.2,0,0,0,,0,0,19.8,22.3,17.2,1013.3,27,10.7,339.7,29.4,10,10,2023-05-21T04:59:37,2023-05-21T19:40:14,0.05,Partially cloudy,Partly cloudy throughout the day.,partly-cloudy-day,"38583099999,38452099999,38457099999,UTTT"
Tashkent,2023-05-22,33,18,26.2,30.8,18,25.3,6.2,29.8,0,0,0,,0,0,29.2,18.4,7.9,1011.8,32.6,14.3,330.4,28.5,10,10,2023-05-22T04:58:49,2023-05-22T19:41:10,0.08,Partially cloudy,Partly cloudy throughout the day.,partly-cloudy-day,"38583099999,38452099999,38457099999,UTTT"
Tashkent,2023-05-23,32,21,25.4,29.9,21,24.9,7.6,33.9,0,0,0,,0,0,29.2,18.4,326.8,1012,44.2,9.5,302.3,26.2,9,10,2023-05-23T04:58:03,2023-05-23T19:42:04,0.12,Partially cloudy,Partly cloudy throughout the day.,partly-cloudy-day,"38583099999,38452099999,38457099999,UTTT"
Tashkent,2023-05-24,30,19,24.3,28.1,19,23.9,4.3,30.3,0,0,0,,0,0,34.2,22.3,341.8,1013.4,7.8,12.7,344.7,29.6,10,10,2023-05-24T04:57:18,2023-05-24T19:42:58,0.15,Clear,Clear conditions throughout the day.,clear-day,"38583099999,38452099999,38457099999,UTTT"
Tashkent,2023-05-25,29,14.8,23,27.4,14.8,22.5,1.3,26.4,0,0,0,,0,0,40.7,25.9,339.4,1012.8,10.3,11.7,350.4,30.3,10,10,2023-05-25T04:56:36,2023-05-25T19:43:51,0.18,Clear,Clear conditions throughout the day.,clear-day,"38583099999,38452099999,38457099999,UTTT"
Tashkent,2023-05-26,29.8,16.6,23.7,28,16.6,23.2,2.9,27.8,0,0,0,,0,0,33.5,14.8,12.5,1013.8,20.5,9.9,345.8,29.8,10,10,2023-05-26T04:55:55,2023-05-26T19:44:43,0.21,Partially cloudy,Partly cloudy throughout the day.,partly-cloudy-day,"38583099999,38452099999,38457099999,UTTT"
Tashkent,2023-05-27,31,16.8,24.5,28.9,16.8,23.7,2.9,27.2,0,0,0,,0,0,33.5,22.3,34.8,1012.2,3.3,11.4,349.9,30.3,10,10,2023-05-27T04:55:17,2023-05-27T19:45:34,0.25,Clear,Clear conditions throughout the day.,clear-day,"38583099999,38452099999,38457099999,UTTT"
Tashkent,2023-05-28,31.1,17.2,25.6,29,17.2,24.6,1.7,23.2,0,0,0,,0,0,37.1,18.4,18.8,1011.9,0,10.1,351.1,30.4,10,10,2023-05-28T04:54:40,2023-05-28T19:46:25,0.28,Clear,Clear conditions throughout the day.,clear-day,"38583099999,38452099999,38457099999,UTTT"
Tashkent,2023-05-29,32,16.1,25.7,29.7,16.1,24.8,3.5,27,0,0,0,,0,0,19.4,14.8,38.8,1012.6,6.4,10.7,354.6,30.9,10,10,2023-05-29T04:54:05,2023-05-29T19:47:14,0.31,Clear,Clear conditions throughout the day.,clear-day,"38583099999,38452099999,38457099999,UTTT"
Tashkent,2023-05-30,35,17.7,26.9,32.4,17.7,25.8,4.5,26.5,0,0,0,,0,0,30.2,18.4,27.7,1011.7,8.8,10.1,349,30.1,10,10,2023-05-30T04:53:32,2023-05-30T19:48:02,0.34,Clear,Clear conditions throughout the day.,clear-day,"38583099999,38452099999,38457099999,UTTT"
Tashkent,2023-05-31,34.2,19.4,27.5,32.1,19.4,26.5,6.9,28.5,0,0,0,,0,0,18.7,14.8,158.6,1008,4.3,11.4,350.1,30.4,10,10,2023-05-31T04:53:01,2023-05-31T19:48:49,0.38,Clear,Clear conditions throughout the day.,clear-day,"38583099999,38452099999,38457099999,UTTT"
Tashkent,2023-06-01,34,20,26.9,31.8,20,26,7.4,31,0,0,0,,0,0,29.9,18.4,184.9,1006.3,1.7,10.7,350.6,30.5,10,10,2023-06-01T04:52:32,2023-06-01T19:49:34,0.41,Clear,Clear conditions throughout the day.,clear-day,"38583099999,38452099999,38457099999,UTTT"
Tashkent,2023-06-02,35,21,28.8,32.5,21,27.5,5,24.3,0,0,0,,0,0,20.9,18.4,2.3,1008.1,3.5,9.8,351,30.5,10,10,2023-06-02T04:52:05,2023-06-02T19:50:19,0.44,Clear,Clear conditions throughout the day.,clear-day,"38583099999,38452099999,38457099999,UTTT"
Tashkent,2023-06-03,35,19,28.3,32.4,19,27,4.4,25.1,0,0,0,,0,0,16.6,18.4,301,1007.9,0.4,10.1,356.9,30.8,10,10,2023-06-03T04:51:40,2023-06-03T19:51:02,0.47,Clear,Clear conditions throughout the day.,clear-day,"38583099999,38452099999,38457099999,UTTT"
Tashkent,2023-06-04,35,19,28.5,32.6,19,27.2,3.3,22.6,0,0,0,,0,0,25.2,15.3,123.8,1008.3,22,11.4,356,30.8,10,10,2023-06-04T04:51:17,2023-06-04T19:51:44,0.5,Partially cloudy,Partly cloudy throughout the day.,partly-cloudy-day,"38583099999,38452099999,38457099999,UTTT"
Tashkent,2023-06-05,37.2,19.6,29.4,34.2,19.6,27.9,0.5,18,0,0,0,,0,0,33.5,18.4,94,1008.2,26.3,13.2,355.8,30.8,10,10,2023-06-05T04:50:56,2023-06-05T19:52:25,0.54,Partially cloudy,Partly cloudy throughout the day.,partly-cloudy-day,"38583099999,38452099999,38457099999,UTTT"
Tashkent,2023-06-06,37.5,21,30.6,34.6,21,29,2.4,18.1,0,0,0,,0,0,19.1,22.3,50,1008.9,20.1,11.4,350.4,30.4,10,10,2023-06-06T04:50:37,2023-06-06T19:53:04,0.58,Partially cloudy,Partly cloudy throughout the day.,partly-cloudy-day,"38583099999,38452099999,38457099999,UTTT"
Tashkent,2023-06-07,39,24,32.1,35.7,24,30.3,1.9,16.7,0,0,0,,0,0,20.5,18.4,32,1009.7,12,12.7,354.8,30.7,10,10,2023-06-07T04:50:20,2023-06-07T19:53:42,0.61,Clear,Clear conditions throughout the day.,clear-day,"38583099999,38452099999,38457099999,UTTT"
Tashkent,2023-06-08,40,22,32.5,36.7,22,30.7,3.6,18.1,0,0,0,,0,0,30.2,18.4,7.3,1009.4,25.4,10.7,347.5,30,10,10,2023-06-08T04:50:05,2023-06-08T19:54:19,0.65,Partially cloudy,Becoming cloudy in the afternoon.,partly-cloudy-day,"38583099999,38452099999,38457099999,UTTT"
Tashkent,2023-06-09,39,24.2,31.5,36.4,24.2,30.2,7.7,23.6,0,0,0,,0,0,56.9,33.5,312.7,1007.3,50.2,10.3,330,28.8,9,10,2023-06-09T04:49:52,2023-06-09T19:54:53,0.68,Partially cloudy,Partly cloudy throughout the day.,partly-cloudy-day,"38583099999,38452099999,38457099999,UTTT"
Tashkent,2023-06-10,34.9,20,28,33.5,20,27.4,11,35.8,0,0,0,,0,0,32.4,18.4,223.4,1007.4,26.4,10.1,340.8,29.4,9,10,2023-06-10T04:49:42,2023-06-10T19:55:27,0.72,Partially cloudy,Partly cloudy throughout the day.,partly-cloudy-day,"38583099999,38452099999,38457099999,UTTT"
Tashkent,2023-06-11,36,22.9,29.6,34.5,22.9,29,13,37.9,0,0,0,,0,0,19.8,14.8,163.5,1003.8,42.4,10.6,341.3,29.4,9,10,2023-06-11T04:49:33,2023-06-11T19:55:59,0.75,Partially cloudy,Partly cloudy throughout the day.,partly-cloudy-day,"38583099999,38452099999,38457099999,UTTT,remote"
Tashkent,2023-06-12,37,24.7,30.7,35.6,24.7,30.1,12.9,35.1,0,0,0,,0,0,40.7,18.4,150.6,1002.3,41.7,9.5,341.9,29.5,9,10,2023-06-12T04:49:26,2023-06-12T19:56:29,0.79,Partially cloudy,Partly cloudy throughout the day.,partly-cloudy-day,"38583099999,38452099999,38457099999,UTTT"
Tashkent,2023-06-13,39,26.6,32.6,37.1,26.5,31.4,10.1,25.9,0,0,0,,0,0,33.5,18.4,36.4,1002.6,86.8,10.1,306.5,26.5,9,10,2023-06-13T04:49:21,2023-06-13T19:56:57,0.83,Partially cloudy,Partly cloudy throughout the day.,partly-cloudy-day,"38583099999,38452099999,38457099999,UTTT"
Tashkent,2023-06-14,38.1,25.8,32.8,37.2,25.8,31.8,11.7,29.2,0,0,0,,0,0,37.1,18.4,198.1,1001.8,16.3,9.4,346.7,29.8,10,30,2023-06-14T04:49:18,2023-06-14T19:57:24,0.86,Clear,Clear conditions throughout the day.,clear-day,"38583099999,38452099999,38457099999,UTTT"
Tashkent,2023-06-15,38,24,32.2,35.7,24,30.7,8.6,25.5,0.012,100,4.17,rain,0,0,29.5,18.4,343,1001.6,2.1,10.7,350.5,30.4,10,10,2023-06-15T04:49:18,2023-06-15T19:57:49,0.9,Rain,Clear conditions throughout the day with morning rain.,rain,"38583099999,38452099999,38457099999,UTTT"
Tashkent,2023-06-16,38,23,31.2,35.1,23,29.7,5.8,22.8,0,0,0,,0,0,33.5,18.4,272.8,1001.2,18.2,11.4,353.8,30.4,10,10,2023-06-16T04:49:19,2023-06-16T19:58:12,0.93,Clear,Clear conditions throughout the day.,clear-day,"38583099999,38452099999,38457099999,UTTT"
Tashkent,2023-06-17,38,22.9,31.1,35.1,22.9,29.6,4.8,21,0,0,0,,0,0,20.5,18.4,139,1001.6,33,10.7,349.9,30.4,10,10,2023-06-17T04:49:22,2023-06-17T19:58:34,0.97,Partially cloudy,Partly cloudy throughout the day.,partly-cloudy-day,"38583099999,38452099999,38457099999,UTTT"
Tashkent,2023-06-18,40,24,32.8,37.3,24,30.9,4.7,19.2,0,0,0,,0,0,26.6,18.4,64.5,1001.1,49.5,9.7,264.1,22.9,8,10,2023-06-18T04:49:27,2023-06-18T19:58:53,0,Partially cloudy,Partly cloudy throughout the day.,partly-cloudy-day,"38583099999,38452099999,38457099999,UTTT"
Tashkent,2023-06-19,38,27.3,32.3,35.9,26.6,30.8,9.2,25.1,0.009,100,4.17,rain,0,0,59.4,31.7,246.2,1000.8,47.3,10.4,345,29.8,10,10,2023-06-19T04:49:34,2023-06-19T19:59:11,0.04,"Rain, Partially cloudy",Partly cloudy throughout the day with late afternoon rain.,rain,"38583099999,38452099999,38457099999,UTTT,remote"
Tashkent,2023-06-20,35,24.5,30.3,33.3,24.5,29.3,11.7,33.3,0,0,0,rain,0,0,29.9,14.8,228.9,1005.5,34.5,8.6,337.9,29,9,10,2023-06-20T04:49:43,2023-06-20T19:59:27,0.07,Partially cloudy,Partly cloudy throughout the day.,partly-cloudy-day,"38583099999,38452099999,38457099999,UTTT"
Tashkent,2023-06-21,35,23.2,29.8,32.5,23.2,28.7,8.5,30.1,0,0,0,,0,0,41.4,18.4,263.5,1006.5,27.3,10.7,346,29.9,9,10,2023-06-21T04:49:54,2023-06-21T19:59:41,0.1,Partially cloudy,Becoming cloudy in the afternoon.,partly-cloudy-day,"38583099999,38452099999,38457099999,UTTT"
Tashkent,2023-06-22,35,23,29.8,32.3,23,28.3,2.8,19.7,0,0,0,,0,0,37.8,18.4,326.6,1008.1,17.2,10.7,353,30.4,10,10,2023-06-22T04:50:07,2023-06-22T19:59:53,0.13,Clear,Clear conditions throughout the day.,clear-day,"38583099999,38452099999,38457099999,UTTT"
Tashkent,2023-06-23,35,21.9,29.7,32.3,21.9,28.2,0,15.8,0,0,0,,0,0,32,18.4,346.8,1010.8,1.3,14.6,357.3,30.8,10,10,2023-06-23T04:50:22,2023-06-23T20:00:03,0.17,Clear,Clear conditions throughout the day.,clear-day,"38583099999,38452099999,38457099999,UTTT"
Tashkent,2023-06-24,34.1,20,28.7,31.8,20,27.4,4.1,21.9,0,0,0,,0,0,47.5,25.9,343.6,1011,7.4,13.3,356,30.6,10,10,2023-06-24T04:50:38,2023-06-24T20:00:12,0.2,Clear,Clear conditions throughout the day.,clear-day,"38583099999,38452099999,38457099999,UTTT"
Tashkent,2023-06-25,29,21.5,25.3,27.7,21.5,25,4.2,26.5,0,0,0,rain,0,0,46.4,25.9,236.1,1008.7,61.1,12,194.2,17,8,10,2023-06-25T04:50:56,2023-06-25T20:00:18,0.23,Partially cloudy,Partly cloudy throughout the day.,partly-cloudy-day,"38583099999,38452099999,38457099999,UTTT"
Tashkent,2023-06-26,33,17.1,26.1,30.8,17.1,25.2,6.9,32.5,0,0,0,,0,0,29.2,14.8,263.2,1007.5,3,10.7,352.5,30.5,10,10,2023-06-26T04:51:16,2023-06-26T20:00:22,0.25,Clear,Clear conditions throughout the day.,clear-day,"38583099999,38452099999,38457099999,UTTT"
Tashkent,2023-06-27,36,19.5,28.9,33.3,19.5,27.6,5.7,26,0,0,0,,0,0,18.4,14.8,70.1,1003.9,2.5,10.1,357.3,31,10,10,2023-06-27T04:51:38,2023-06-27T20:00:24,0.3,Clear,Clear conditions throughout the day.,clear-day,"38583099999,38452099999,38457099999,UTTT"
Tashkent,2023-06-28,35,22.1,29.4,32.5,22.1,28.1,4.7,22.3,0,0,0,,0,0,37.1,29.5,346.7,1006.3,15.6,10.1,347.8,30.2,10,10,2023-06-28T04:52:02,2023-06-28T20:00:24,0.33,Clear,Clear conditions throughout the day.,clear-day,"38583099999,38452099999,38457099999,UTTT"
Tashkent,2023-06-29,33.6,19.9,27.1,31.1,19.9,26.2,2.9,23.1,0,0,0,,0,0,29.5,18.4,246.2,1008.5,3.5,13.3,356.2,30.7,10,10,2023-06-29T04:52:27,2023-06-29T20:00:22,0.36,Clear,Clear conditions throughout the day.,clear-day,"38583099999,38452099999,38457099999,UTTT"
Tashkent,2023-06-30,35,19.8,27.7,32.4,19.8,26.6,4.1,24.9,0,0,0,,0,0,18,14.8,72,1005.2,36.6,10.7,350.8,30.3,10,10,2023-06-30T04:52:54,2023-06-30T20:00:18,0.4,Partially cloudy,Partly cloudy throughout the day.,partly-cloudy-day,"38583099999,38452099999,38457099999,UTTT"
Tashkent,2023-07-01,37,20,29.5,34.5,20,28.2,5.9,24.4,0,0,0,,0,0,25.9,14.8,56,1003.6,0,10.7,354.3,30.5,10,10,2023-07-01T04:53:22,2023-07-01T20:00:12,0.43,Clear,Clear conditions throughout the day.,clear-day,"38583099999,38452099999,38457099999,UTTT"
Tashkent,2023-07-02,38,23.4,31.5,36.1,23.4,30.2,8.1,24.9,0,0,0,,0,0,24.8,18.4,194.8,1004.4,32.6,9.8,350.1,30.3,10,10,2023-07-02T04:53:52,2023-07-02T20:00:04,0.46,Partially cloudy,Partly cloudy throughout the day.,partly-cloudy-day,"38583099999,38452099999,38457099999,UTTT"
Tashkent,2023-07-03,37,27,31.5,34.7,26.6,30,8.3,24.7,0,0,0,,0,0,42.8,22.3,324.4,1008.2,23.5,9.1,344.6,29.7,10,10,2023-07-03T04:54:24,2023-07-03T19:59:54,0.5,Partially cloudy,Partly cloudy throughout the day.,partly-cloudy-day,"38583099999,38452099999,38457099999,UTTT"
Tashkent,2023-07-04,34,26.9,31.1,31.6,26.2,29.2,4.9,19.7,0,0,0,,0,0,35.3,22.3,335.6,1007.8,8.8,13.3,349.1,30.2,10,10,2023-07-04T04:54:57,2023-07-04T19:59:42,0.53,Clear,Clear conditions throughout the day.,clear-day,"38583099999,38452099999,38457099999,UTTT"
Tashkent,2023-07-05,34,22.5,28.9,31.8,22.5,27.8,7.1,26.7,0,0,0,,0,0,40.7,18.4,253.4,1006.1,22.7,11.8,344.6,29.7,10,10,2023-07-05T04:55:31,2023-07-05T19:59:28,0.56,Partially cloudy,Partly cloudy throughout the day.,partly-cloudy-day,"38583099999,38452099999,38457099999,UTTT"
Tashkent,2023-07-06,32.9,23.3,27.5,31.3,23.3,27.1,11.5,37.6,0.291,100,4.17,rain,0,0,41.8,22.3,102.1,1006.1,49.4,9.8,314.7,27.1,9,10,2023-07-06T04:56:07,2023-07-06T19:59:11,0.6,"Rain, Partially cloudy",Partly cloudy throughout the day with late afternoon rain.,rain,"38583099999,38452099999,38457099999,UTTT"
Tashkent,2023-07-07,32,21.6,26.9,30.4,21.6,26.2,10.3,36.9,3.014,100,4.17,rain,0,0,23,25.9,17.3,1008.6,34,12.6,305.9,26.4,9,10,2023-07-07T04:56:45,2023-07-07T19:58:53,0.63,"Rain, Partially cloudy",Partly cloudy throughout the day with morning rain.,rain,"38583099999,38452099999,UTTT,38457099999"
Tashkent,2023-07-08,34,19,27.9,31.8,19,26.9,9.6,35,0,0,0,,0,0,26.3,18.4,25.1,1009.2,15,12.7,345,29.9,10,10,2023-07-08T04:57:23,2023-07-08T19:58:32,0.67,Clear,Clear conditions throughout the day.,clear-day,"38583099999,38452099999,38457099999,UTTT"
Tashkent,2023-07-09,35.6,21.5,29.7,33.3,21.5,28.5,8.8,29,0,0,0,,0,0,19.4,14.8,351.4,1006.4,7.7,10.7,346.1,30,10,10,2023-07-09T04:58:03,2023-07-09T19:58:10,0.7,Clear,Clear conditions throughout the day.,clear-day,"38583099999,38452099999,38457099999,UTTT"
Tashkent,2023-07-10,37,23,30.8,34.5,23,29.4,8.3,27,0,0,0,,0,0,37.1,18.4,348.6,1005.5,2.1,10.7,349.2,30,10,10,2023-07-10T04:58:44,2023-07-10T19:57:45,0.75,Clear,Clear conditions throughout the day.,clear-day,"38583099999,38452099999,38457099999,UTTT"
Tashkent,2023-07-11,40,23,32.5,37.3,23,31,7.9,24.4,0,0,0,,0,0,20.2,14.8,42.4,1005.7,0,10.1,349.9,30.1,10,10,2023-07-11T04:59:27,2023-07-11T19:57:18,0.77,Clear,Clear conditions throughout the day.,clear-day,"38583099999,38452099999,38457099999,UTTT"
Tashkent,2023-07-12,42,25.4,33.8,38.6,25.4,32.2,7.5,22.5,0,0,0,,0,0,37.1,18.4,330.6,1006.8,0,10.3,353.6,30.5,10,10,2023-07-12T05:00:10,2023-07-12T19:56:50,0.81,Clear,Clear conditions throughout the day.,clear-day,"38583099999,38452099999,38457099999,UTTT"
Tashkent,2023-07-13,42,23.3,33.6,39.1,23.3,32,7.1,22.2,0,0,0,,0,0,31,14.8,51.5,1006.7,0,10.1,357.6,31,10,10,2023-07-13T05:00:55,2023-07-13T19:56:19,0.84,Clear,Clear conditions throughout the day.,clear-day,"38583099999,38452099999,38457099999,UTTT"
Tashkent,2023-07-14,37.8,26.7,31.4,35.5,26.6,30.2,9.6,27.8,0,0,0,,0,0,42.8,22.3,6,1008.9,0,9,343,29.6,10,10,2023-07-14T05:01:40,2023-07-14T19:55:46,0.88,Clear,Clear conditions throughout the day.,clear-day,"38583099999,38452099999,38457099999,UTTT"
Tashkent,2023-07-15,38,24.9,31.8,35.3,24.9,30,4.1,18.2,0,0,0,,0,0,45,25.9,356.6,1007.9,0,13.3,346.3,29.9,10,10,2023-07-15T05:02:27,2023-07-15T19:55:12,0.91,Clear,Clear conditions throughout the day.,clear-day,"38583099999,38452099999,38457099999,UTTT"
Tashkent,2023-07-16,36,21.4,29,33.8,21.4,28,7.7,27.5,0,0,0,,0,0,20.2,18.4,168.1,1005.9,11.2,10.7,342.6,29.6,10,10,2023-07-16T05:03:15,2023-07-16T19:54:35,0.95,Clear,Clear conditions throughout the day.,clear-day,"38583099999,38452099999,38457099999,UTTT"
Tashkent,2023-07-17,39,22.7,31.3,36.1,22.7,29.8,7.7,26.5,0,0,0,,0,0,29.5,14.8,354.7,1006,0.2,9.9,341.2,29.3,10,10,2023-07-17T05:04:03,2023-07-17T19:53:57,0,Clear,Clear conditions throughout the day.,clear-day,"38583099999,38452099999,38457099999,UTTT"
Tashkent,2023-07-18,40,25,33.2,37.8,25,31.7,8.1,22.7,0,0,0,,0,0,42.8,22.3,353.2,1005.7,2.6,10.5,337.1,29.2,9,10,2023-07-18T05:04:53,2023-07-18T19:53:16,0.02,Clear,Clear conditions throughout the day.,clear-day,"38583099999,38452099999,38457099999,UTTT"
Tashkent,2023-07-19,37.6,26.3,32.1,36.2,26.3,30.8,10.2,27.1,0,0,0,,0,0,48.2,29.5,331.3,1006.5,14.5,9.5,331.8,28.8,9,10,2023-07-19T05:05:43,2023-07-19T19:52:34,0.05,Clear,Clear conditions throughout the day.,clear-day,"38583099999,38452099999,38457099999,UTTT"
Tashkent,2023-07-20,37,25.4,31.2,34.9,25.4,29.9,9.2,26.9,0,0,0,,0,0,48.2,29.5,348.3,1007.8,3.9,10.7,331.3,28.8,9,10,2023-07-20T05:06:35,2023-07-20T19:51:49,0.08,Clear,Clear conditions throughout the day.,clear-day,"38583099999,38452099999,38457099999,UTTT"
Tashkent,2023-07-21,37,24,30.7,34.9,24,29.6,10.2,30,0,0,0,,0,0,33.1,14.8,240.6,1009.3,8.8,10,337.8,29.2,10,10,2023-07-21T05:07:27,2023-07-21T19:51:03,0.12,Clear,Clear conditions throughout the day.,clear-day,"38583099999,38452099999,38457099999,UTTT"
Tashkent,2023-07-22,39,24,31.7,37.2,24,30.9,12,32,0,0,0,,0,0,20.9,18.4,282.2,1008,0,10.1,336.8,29.2,10,10,2023-07-22T05:08:19,2023-07-22T19:50:15,0.15,Clear,Clear conditions throughout the day.,clear-day,"38583099999,38452099999,38457099999,UTTT"
Tashkent,2023-07-23,38.4,23.5,31.3,36.9,23.5,30.7,13.5,35.9,0,0,0,,0,0,29.9,18.4,194.7,1006.5,12.2,9.6,331,28.8,9,10,2023-07-23T05:09:13,2023-07-23T19:49:25,0.18,Clear,Clear conditions throughout the day.,clear-day,"38583099999,38452099999,38457099999,UTTT"
Tashkent,2023-07-24,39.4,25.6,32.9,38.2,25.6,32.2,12.9,31.7,0,0,0,,0,0,18,14.8,147.3,1003.3,10.8,10.1,328.5,28.6,9,10,2023-07-24T05:10:07,2023-07-24T19:48:34,0.22,Clear,Clear conditions throughout the day.,clear-day,"38583099999,38452099999,38457099999,UTTT"
Tashkent,2023-07-25,42,27,34.7,39.3,26.6,33.2,9.9,23.9,0,0,0,,0,0,35.6,14.8,15.8,1002,0.4,10.1,329.6,28.6,9,10,2023-07-25T05:11:02,2023-07-25T19:47:40,0.25,Clear,Clear conditions throughout the day.,clear-day,"38583099999,38452099999,38457099999,UTTT"
Tashkent,2023-07-26,42,25.5,33.3,39.3,25.5,32.3,11.3,28.2,0,0,0,,0,0,33.5,18.4,142.4,1002.5,2.7,10,330.6,28.6,9,10,2023-07-26T05:11:57,2023-07-26T19:46:45,0.25,Clear,Clear conditions throughout the day.,clear-day,"38583099999,38452099999,38457099999,UTTT"
Tashkent,2023-07-27,42,25.3,33.5,39.6,25.3,32.1,10,25.4,0,0,0,,0,0,59.4,33.5,20.8,1003.1,21.4,9.9,330.7,28.6,10,10,2023-07-27T05:12:53,2023-07-27T19:45:48,0.32,Partially cloudy,Partly cloudy throughout the day.,partly-cloudy-day,"38583099999,38452099999,38457099999,UTTT"
Tashkent,2023-07-28,39,27,33.7,37.4,26.8,32.2,9.9,24.2,0,0,0,,0,0,33.5,18.4,325.2,1002.6,68.4,12.5,279.5,24.3,8,10,2023-07-28T05:13:49,2023-07-28T19:44:50,0.35,Partially cloudy,Partly cloudy throughout the day.,partly-cloudy-day,"38583099999,38452099999,38457099999,UTTT"
Tashkent,2023-07-29,38,26,31.6,36.1,26,30.7,11.8,31.4,0,0,0,,0,0,25.2,18.4,197,1001.6,1.7,10.7,324.3,27.9,9,10,2023-07-29T05:14:46,2023-07-29T19:43:50,0.38,Clear,Clear conditions throughout the day.,clear-day,"38583099999,38452099999,38457099999,UTTT"
Tashkent,2023-07-30,38,25,31.8,36.3,25,30.9,11.4,30.5,0,0,0,,0,0,33.5,18.4,174.6,1003.5,1.3,10.1,331.6,28.5,9,10,2023-07-30T05:15:43,2023-07-30T19:42:48,0.42,Clear,Clear conditions throughout the day.,clear-day,"38583099999,38452099999,38457099999,UTTT"
Tashkent,2023-07-31,39.6,25.2,33.2,37.1,25.2,31.6,7.8,23.3,0,0,0,,0,0,24.1,18.4,13.2,1004.4,1.9,10.7,326.1,28.4,9,10,2023-07-31T05:16:41,2023-07-31T19:41:44,0.45,Clear,Clear conditions throughout the day.,clear-day,"38583099999,38452099999,38457099999,UTTT"
Tashkent,2023-08-01,40,24.4,33.2,37.2,24.4,31.5,7.2,21.7,0,0,0,,0,0,31,22.3,350.5,1004,24.6,10.7,321.4,27.8,9,10,2023-08-01T05:17:39,2023-08-01T19:40:40,0.5,Partially cloudy,Partly cloudy throughout the day.,partly-cloudy-day,"38583099999,38452099999,38457099999,UTTT,remote"
Tashkent,2023-08-02,39,26,33.4,36.7,26,31.7,8.1,22.3,0,0,0,,0,0,39.2,18.4,357.9,1004.5,16.7,12,290.4,25.2,9,10,2023-08-02T05:18:37,2023-08-02T19:39:33,0.52,Clear,Clear conditions throughout the day.,clear-day,"38583099999,38452099999,38457099999,UTTT"
Tashkent,2023-08-03,38,24,32.3,35.1,24,30.6,5.9,21.4,0,0,0,,0,0,45.7,25.9,332.3,1004.6,0,11.4,328.5,28.3,9,10,2023-08-03T05:19:36,2023-08-03T19:38:25,0.55,Clear,Clear conditions throughout the day.,clear-day,"38583099999,38452099999,38457099999,UTTT"
Tashkent,2023-08-04,37,23,30.8,34.4,23,29.3,6.9,24.3,0,0,0,,0,0,45.4,18.4,312.2,1006,0.1,10.7,323.6,28.2,9,10,2023-08-04T05:20:35,2023-08-04T19:37:16,0.59,Clear,Clear conditions throughout the day.,clear-day,"38583099999,38452099999,38457099999,UTTT"
Tashkent,2023-08-05,37.8,22,30.6,35.2,22,29.4,9.2,28.7,0,0,0,,0,0,31.3,18.4,195.2,1007.8,8.9,10.6,319.4,27.5,9,10,2023-08-05T05:21:34,2023-08-05T19:36:05,0.62,Clear,Clear conditions throughout the day.,clear-day,"38583099999,38452099999,38457099999,UTTT"
Tashkent,2023-08-06,30,23.6,26.9,29,23.6,26.5,12.1,40.4,0.291,100,4.17,rain,0,0,28.4,22.3,96,1006.7,71.1,11,247,21.2,9,10,2023-08-06T05:22:33,2023-08-06T19:34:52,0.65,"Rain, Partially cloudy",Partly cloudy throughout the day with late afternoon rain.,rain,"38583099999,38452099999,38457099999,UTTT"
Tashkent,2023-08-07,34,21,27.7,32.7,21,27,12,39.8,0.119,100,4.17,rain,0,0,32,22.3,101.5,1003,51.3,11.4,222.5,19.2,9,10,2023-08-07T05:23:33,2023-08-07T19:33:39,0.69,"Rain, Partially cloudy",Partly cloudy throughout the day with late afternoon rain.,rain,"38583099999,38452099999,38457099999,UTTT"
Tashkent,2023-08-08,35,22,29.2,33.1,22,28.5,11.5,35,0.051,100,4.17,rain,0,0,29.9,14.8,120.3,1003,35.1,10.1,279.2,24.2,9,10,2023-08-08T05:24:33,2023-08-08T19:32:23,0.75,"Rain, Partially cloudy",Becoming cloudy in the afternoon with morning rain.,rain,"38583099999,38452099999,38457099999,UTTT"
Tashkent,2023-08-09,36,24.2,30.6,34.5,24.2,29.8,11.5,32.1,0,0,0,,0,0,20.5,18.4,232.4,1007.3,8,10.1,309.8,26.9,9,10,2023-08-09T05:25:33,2023-08-09T19:31:07,0.76,Clear,Clear conditions throughout the day.,clear-day,"38583099999,38452099999,38457099999,UTTT"
Tashkent,2023-08-10,37,23,31.1,35.3,23,30.1,11.2,31.5,0,0,0,,0,0,29.5,18.4,173.8,1008.9,6.7,11.7,308.2,26.7,9,10,2023-08-10T05:26:33,2023-08-10T19:29:49,0.79,Clear,Clear conditions throughout the day.,clear-day,"38583099999,38452099999,38457099999,UTTT"
Tashkent,2023-08-11,34,24,29.7,32.1,24,28.5,9.4,30.1,0,0,0,,0,0,37.1,22.3,309.5,1010.5,5.2,10.7,308.3,26.7,9,10,2023-08-11T05:27:33,2023-08-11T19:28:31,0.83,Clear,Clear conditions throughout the day.,clear-day,"38583099999,38452099999,38457099999,UTTT"
Tashkent,2023-08-12,32,22,27.3,30.1,22,26.4,6.2,27.2,0,0,0,,0,0,33.5,22.3,314.4,1013,2.5,10.7,308.3,26.9,9,10,2023-08-12T05:28:33,2023-08-12T19:27:10,0.86,Clear,Clear conditions throughout the day.,clear-day,"38583099999,38452099999,38457099999,UTTT"
Tashkent,2023-08-13,31,17,24.6,28.9,17,23.9,3.4,27.6,0,0,0,,0,0,34.2,25.9,321.4,1012.9,0,10.7,316,27.2,9,10,2023-08-13T05:29:34,2023-08-13T19:25:49,0.89,Clear,Clear conditions throughout the day.,clear-day,"38583099999,38452099999,38457099999,UTTT"
Tashkent,2023-08-14,30,16.8,23.5,28.2,16.8,23,2.7,27.3,0,0,0,,0,0,48.2,25.9,294,1015.7,0,11.4,314.8,27.2,9,10,2023-08-14T05:30:34,2023-08-14T19:24:27,0.93,Clear,Clear conditions throughout the day.,clear-day,"38583099999,38452099999,38457099999,UTTT"
Tashkent,2023-08-15,31,16,24,28.9,16,23.3,1.1,24.9,0,0,0,,0,0,21.6,14.8,55.5,1017,0.2,11.4,315,27.2,9,10,2023-08-15T05:31:35,2023-08-15T19:23:03,0.96,Clear,Clear conditions throughout the day.,clear-day,"38583099999,38452099999,38457099999,UTTT"
Tashkent,2023-08-16,32,16,25.2,29.8,16,24.3,2.6,25.8,0,0,0,,0,0,13,14.8,51.9,1014.7,0.7,10.1,314.2,27.2,9,10,2023-08-16T05:32:35,2023-08-16T19:21:38,0,Clear,Clear conditions throughout the day.,clear-day,"38583099999,38452099999,38457099999,UTTT"
Tashkent,2023-08-17,34,17.9,26.4,31.5,17.9,25.4,4.5,26.6,0,0,0,,0,0,12.2,14.8,176.5,1011.9,0,9.9,311.2,26.6,9,10,2023-08-17T05:33:36,2023-08-17T19:20:13,0.03,Clear,Clear conditions throughout the day.,clear-day,"38583099999,38452099999,38457099999,UTTT"
Tashkent,2023-08-18,35.2,19,28.2,32.6,19,26.9,4.6,25,0,0,0,,0,0,25.2,14.8,50.5,1011.2,1.4,9.8,306.6,26.6,9,10,2023-08-18T05:34:37,2023-08-18T19:18:46,0.06,Clear,Clear conditions throughout the day.,clear-day,"38583099999,38452099999,UTTT,38457099999"
Tashkent,2023-08-19,37,20,29.2,34.1,20,27.7,3.5,22.1,0,0,0,,0,0,34.9,22.3,2.2,1009.7,0,14.1,305.2,26.4,9,10,2023-08-19T05:35:37,2023-08-19T19:17:18,0.1,Clear,Clear conditions throughout the day.,clear-day,"38583099999,38452099999,38457099999,UTTT"
Tashkent,2023-08-20,38,21.2,30,34.9,21.2,28.5,2.9,19.8,0,0,0,,0,0,33.5,22.3,16.4,1009.9,0,10.1,302.3,26.4,9,10,2023-08-20T05:36:38,2023-08-20T19:15:49,0.13,Clear,Clear conditions throughout the day.,clear-day,"38583099999,38452099999,38457099999,UTTT"
Tashkent,2023-08-21,38,21.2,29.9,35.1,21.2,28.6,5.3,23.4,0,0,0,,0,0,30.2,18.4,61.9,1008.5,10,10.1,299,25.7,9,10,2023-08-21T05:37:39,2023-08-21T19:14:20,0.17,Clear,Clear conditions throughout the day.,clear-day,"38583099999,38452099999,38457099999,UTTT"
Tashkent,2023-08-22,37,21,29.3,34.5,21,28.2,8.9,30.5,0,0,0,,0,0,37.1,14.8,221.1,1009,8.1,11.4,291.3,25.2,9,10,2023-08-22T05:38:39,2023-08-22T19:12:49,0.2,Clear,Clear conditions throughout the day.,clear-day,"38583099999,38452099999,38457099999,UTTT"
Tashkent,2023-08-23,36.2,22,30,33.8,22,28.8,9.2,30.2,0,0,0,,0,0,28.4,14.8,356.2,1007.5,4.8,11.4,290.3,25.1,9,10,2023-08-23T05:39:40,2023-08-23T19:11:18,0.23,Clear,Clear conditions throughout the day.,clear-day,"38583099999,38452099999,38457099999,UTTT"
Tashkent,2023-08-24,37,21.9,29.8,34.4,21.9,28.5,8.3,29.2,0,0,0,,0,0,37.1,18.4,71.5,1006.5,9.5,10.1,290,25.1,9,10,2023-08-24T05:40:41,2023-08-24T19:09:46,0.25,Clear,Clear conditions throughout the day.,clear-day,"38583099999,38452099999,38457099999,UTTT"
Tashkent,2023-08-25,36,22.2,29.3,33.6,22.2,28.1,7.3,26.7,0,0,0,,0,0,37.1,22.3,355.7,1005,0.8,10.1,286.3,24.9,9,10,2023-08-25T05:41:41,2023-08-25T19:08:12,0.3,Clear,Clear conditions throughout the day.,clear-day,"38583099999,38452099999,38457099999,UTTT"
Tashkent,2023-08-26,35,21,28.4,32.7,21,27.4,7.6,28.4,0,0,0,,0,0,22,18.4,255.1,1005.1,38.2,10.1,277,23.9,9,10,2023-08-26T05:42:42,2023-08-26T19:06:39,0.34,Partially cloudy,Becoming cloudy in the afternoon.,partly-cloudy-day,"38583099999,38452099999,38457099999,UTTT"
Tashkent,2023-08-27,27,17.8,21.2,26.1,17.8,21.2,13.1,64.3,8.116,100,8.33,rain,0,0,44.6,22.3,90.8,1009.1,72.6,9.3,66.2,5.7,3,10,2023-08-27T05:43:42,2023-08-27T19:05:04,0.37,"Rain, Partially cloudy",Partly cloudy throughout the day with rain.,rain,"38583099999,38452099999,38457099999,UTTT"
Tashkent,2023-08-28,25,17.9,20.9,25,17.9,20.9,5.7,41.1,2.027,100,4.17,rain,0,0,18.7,14.8,325.4,1013.6,42.6,10,276.5,23.8,9,10,2023-08-28T05:44:43,2023-08-28T19:03:29,0.41,"Rain, Partially cloudy",Partly cloudy throughout the day with morning rain.,rain,"38583099999,38452099999,38457099999,UTTT"
Tashkent,2023-08-29,32,16.9,23.9,29.8,16.9,23.2,4.2,31.4,0,0,0,,0,0,33.5,18.4,83.8,1007.1,8.9,10.1,283.6,24.7,9,10,2023-08-29T05:45:43,2023-08-29T19:01:53,0.44,Clear,Clear conditions throughout the day.,clear-day,"38583099999,38452099999,38457099999,UTTT"
Tashkent,2023-08-30,26,18,22.2,26,18,22.2,9.6,45.6,0.302,100,4.17,rain,0,0,48.2,25.9,56.1,1008.1,66.2,9.7,88,7.6,4,10,2023-08-30T05:46:43,2023-08-30T19:00:16,0.47,"Rain, Partially cloudy",Partly cloudy throughout the day with late afternoon rain.,rain,"38583099999,38452099999,38457099999,UTTT"
Tashkent,2023-08-31,26,17.7,21.6,26,17.7,21.6,11.5,56.8,5.961,100,4.17,rain,0,0,27,18.4,347.8,1015.4,33.1,10,266.9,23.2,8,10,2023-08-31T05:47:44,2023-08-31T18:58:39,0.5,"Rain, Partially cloudy",Clearing in the afternoon with morning rain.,rain,"38583099999,38452099999,38457099999,UTTT"
Tashkent,2023-09-01,28,15,22.4,26.7,15,22.1,5.3,37.6,0,0,0,,0,0,24.1,14.8,359.8,1015.7,0,11.1,281.3,24.4,9,10,2023-09-01T05:48:44,2023-09-01T18:57:01,0.54,Clear,Clear conditions throughout the day.,clear-day,"38583099999,38452099999,38457099999,UTTT"
Tashkent,2023-09-02,30,16.8,23.6,28.2,16.8,23,5.5,34.2,0,0,0,,0,0,15.8,14.8,51,1013.6,0.1,10.7,278.5,24,9,10,2023-09-02T05:49:44,2023-09-02T18:55:23,0.57,Clear,Clear conditions throughout the day.,clear-day,"38583099999,38452099999,38457099999,UTTT"
Tashkent,2023-09-03,30.4,17,23.9,28.5,17,23.3,5.5,34.1,0,0,0,,0,0,19.1,14.8,110.7,1011.3,59.3,10,242.8,21.1,8,10,2023-09-03T05:50:45,2023-09-03T18:53:44,0.61,Partially cloudy,Partly cloudy throughout the day.,partly-cloudy-day,"38583099999,38452099999,38457099999,UTTT"
Tashkent,2023-09-04,26,19.1,22.6,26,19.1,22.6,4.8,32.4,0,0,0,,0,0,33.5,22.3,328,1013.3,26.7,11.3,256.6,22.2,8,10,2023-09-04T05:51:45,2023-09-04T18:52:05,0.64,Partially cloudy,Clearing in the afternoon.,partly-cloudy-day,"38583099999,38452099999,38457099999,UTTT"
Tashkent,2023-09-05,28,12.6,21.5,26.7,12.6,21.2,3,32.8,0,0,0,,0,0,22.3,18.4,357.1,1016.5,6.6,11.3,278,23.8,9,10,2023-09-05T05:52:45,2023-09-05T18:50:25,0.67,Clear,Clear conditions throughout the day.,clear-day,"38583099999,38452099999,38457099999,UTTT"
Tashkent,2023-09-06,29,14,22.2,27.5,14,21.8,4.7,34.4,0,0,0,,0,0,15.1,14.8,33.5,1014.1,44.8,10,254.2,22,8,10,2023-09-06T05:53:45,2023-09-06T18:48:45,0.71,Partially cloudy,Partly cloudy throughout the day.,partly-cloudy-day,"38583099999,38452099999,38457099999,UTTT"
Tashkent,2023-09-07,32,16,24.3,29.8,16,23.6,5.6,33,0,0,0,,0,0,29.5,14.8,74.5,1011.4,60.9,9.9,246,21.2,8,10,2023-09-07T05:54:45,2023-09-07T18:47:04,0.75,Partially cloudy,Partly cloudy throughout the day.,partly-cloudy-day,"38583099999,38452099999,38457099999,UTTT"
Tashkent,2023-09-08,30,21.8,25.6,28.3,21.8,25.1,8.2,33.7,0,0,0,rain,0,0,31,22.3,107.3,1010.5,48.2,9.5,162.1,13.8,6,10,2023-09-08T05:55:45,2023-09-08T18:45:23,0.77,Partially cloudy,Partly cloudy throughout the day.,partly-cloudy-day,"38583099999,38452099999,38457099999,UTTT"
Tashkent,2023-09-09,32,21,26.9,30.4,21,26.2,10.2,36.3,0,0,0,rain,0,0,29.2,18.4,293.4,1011.4,78.2,10,217.1,18.6,8,10,2023-09-09T05:56:46,2023-09-09T18:43:42,0.81,Partially cloudy,Partly cloudy throughout the day.,partly-cloudy-day,"38583099999,38452099999,38457099999,UTTT"
Tashkent,2023-09-10,31,20,25.7,30.1,20,25.5,12.1,43.6,0,0,0,rain,0,0,20.9,15.3,19,1006.2,27.9,8.6,236.3,20.5,8,10,2023-09-10T05:57:46,2023-09-10T18:42:00,0.84,Partially cloudy,Partly cloudy throughout the day.,partly-cloudy-day,"38583099999,38452099999,38457099999,UTTT"
Tashkent,2023-09-11,31,18.9,24.4,29.5,18.9,24,9.1,41.2,0,0,0,,0,0,24.5,25.9,291.3,1009.2,25.5,5.5,223.4,19.3,8,10,2023-09-11T05:58:46,2023-09-11T18:40:18,0.87,Partially cloudy,Partly cloudy throughout the day.,partly-cloudy-day,"38583099999,38452099999,38457099999,UTTT"
Tashkent,2023-09-12,26,14.7,20.8,26,14.7,20.8,3.8,34,0,0,0,,0,0,23.8,14.8,322.7,1016.3,12.3,6.7,246.6,21.3,8,10,2023-09-12T05:59:46,2023-09-12T18:38:36,0.91,Clear,Clear conditions throughout the day.,clear-day,"38583099999,38452099999,38457099999,UTTT"
Tashkent,2023-09-13,27,15.8,21.4,26.1,15.8,21.4,2.9,31.1,0,0,0,,0,0,40.7,22.3,352,1016,8.5,10.2,251.4,21.7,8,10,2023-09-13T06:00:46,2023-09-13T18:36:53,0.94,Clear,Clear conditions throughout the day.,clear-day,"38583099999,38452099999,38457099999,UTTT"
Tashkent,2023-09-14,28,14.3,21.4,26.6,14.3,21.3,2.9,31.5,0,0,0,,0,0,25.2,18.4,331.8,1015.4,2.9,9.4,248.7,21.6,8,10,2023-09-14T06:01:47,2023-09-14T18:35:10,0.97,Clear,Clear conditions throughout the day.,clear-day,"38583099999,38452099999,38457099999,UTTT"
Tashkent,2023-09-15,26,15,21.1,26,15,21.1,5,36.3,0,0,0,,0,0,19.8,14.8,330.4,1016.1,24.6,9.9,215.5,18.6,8,10,2023-09-15T06:02:47,2023-09-15T18:33:28,0,Partially cloudy,Partly cloudy throughout the day.,partly-cloudy-day,"38583099999,38452099999,38457099999,UTTT"
Tashkent,2023-09-16,28,14.3,21.3,26.8,14.3,21.1,5.6,38.5,0,0,0,,0,0,21.2,11.2,333.7,1015.5,45.8,9.7,225.3,19.5,8,10,2023-09-16T06:03:47,2023-09-16T18:31:44,0.04,Partially cloudy,Partly cloudy throughout the day.,partly-cloudy-day,"38583099999,38452099999,38457099999,UTTT"
Tashkent,2023-09-17,28,17,21.8,26.8,17,21.6,6.5,39.1,0,0,0,,0,0,15.8,11.2,151.8,1012.4,55.5,9.4,230.9,19.9,8,10,2023-09-17T06:04:48,2023-09-17T18:30:01,0.08,Partially cloudy,Partly cloudy throughout the day.,partly-cloudy-day,"38583099999,38452099999,38457099999,UTTT"
Tashkent,2023-09-18,29,17,22.8,27.5,17,22.4,5.2,34.6,0,0,0,,0,0,29.5,14.8,239.3,1012.2,18.4,10,240.3,20.6,8,10,2023-09-18T06:05:48,2023-09-18T18:28:18,0.11,Clear,Clear conditions throughout the day.,clear-day,"38583099999,38452099999,38457099999,UTTT"
Tashkent,2023-09-19,29,16,23,27.4,16,22.5,4.8,33.1,0,0,0,,0,0,22.3,18.4,152.8,1013.5,62.3,10,231,20,7,10,2023-09-19T06:06:49,2023-09-19T18:26:35,0.15,Partially cloudy,Partly cloudy throughout the day.,partly-cloudy-day,"38583099999,38452099999,38457099999,UTTT"
Tashkent,2023-09-20,26,15,21.1,26,15,21.1,8,45.9,3.963,100,4.17,rain,0,0,48.2,33.5,148.5,1020.5,38.9,9.6,230.2,19.8,8,10,2023-09-20T06:07:49,2023-09-20T18:24:52,0.18,"Rain, Partially cloudy",Partly cloudy throughout the day with morning rain.,rain,"38583099999,38452099999,UTTT,38457099999"
Tashkent,2023-09-21,25,16,20.4,25,16,20.4,7.3,44.9,0,0,0,,0,0,33.5,18.4,251.4,1020.1,27.6,10,232.8,20.1,8,10,2023-09-21T06:08:50,2023-09-21T18:23:08,0.22,Partially cloudy,Partly cloudy throughout the day.,partly-cloudy-day,"38583099999,38452099999,38457099999,UTTT"
Tashkent,2023-09-22,23,14.4,19.3,23,14.4,19.3,3.8,37,0,0,0,,0,0,21.2,18.4,328.9,1022.7,4.6,12.6,235.3,20.5,8,10,2023-09-22T06:09:51,2023-09-22T18:21:25,0.25,Clear,Clear conditions throughout the day.,clear-day,"38583099999,38452099999,38457099999,UTTT"
Tashkent,2023-09-23,26,11.2,19.1,26,11.2,19.1,2.8,37.4,0,0,0,,0,0,33.5,14.8,358.6,1022.5,0,9.7,236.3,20.5,8,10,2023-09-23T06:10:52,2023-09-23T18:19:42,0.25,Clear,Clear conditions throughout the day.,clear-day,"38583099999,38452099999,38457099999,UTTT"
Tashkent,2023-09-24,27,13,19.6,26.1,13,19.5,2.9,35.8,0,0,0,,0,0,17.6,14.8,4.9,1019.6,1.3,9.6,232.5,20.1,8,10,2023-09-24T06:11:53,2023-09-24T18:17:59,0.32,Clear,Clear conditions throughout the day.,clear-day,"38583099999,38452099999,38457099999,UTTT"
Tashkent,2023-09-25,27,12,19.8,26.1,12,19.7,3.5,36.3,0,0,0,,0,0,15.8,14.8,111.3,1016.9,0,9.6,228.2,19.8,8,10,2023-09-25T06:12:55,2023-09-25T18:16:16,0.36,Clear,Clear conditions throughout the day.,clear-day,"38583099999,38452099999,38457099999,UTTT"
Tashkent,2023-09-26,28,13.5,21.4,26.7,13.5,21.1,3.1,33.4,0,0,0,,0,0,22.3,14.8,10.2,1015.8,1.4,9.5,226.6,19.6,8,10,2023-09-26T06:13:56,2023-09-26T18:14:33,0.39,Clear,Clear conditions throughout the day.,clear-day,"38583099999,38452099999,38457099999,UTTT"
Tashkent,2023-09-27,29,16,21.9,27.4,16,21.5,3.7,32.5,0,0,0,,0,0,25.2,14.8,295.7,1016.5,40.5,9,220.4,19,7,10,2023-09-27T06:14:58,2023-09-27T18:12:50,0.43,Partially cloudy,Clearing in the afternoon.,partly-cloudy-day,"38583099999,38452099999,38457099999,UTTT"
Tashkent,2023-09-28,28,17,22.1,26.7,17,21.9,3.8,32,0,0,0,,0,0,25.9,18.4,318.2,1016.7,70.1,9.5,193.7,16.8,7,10,2023-09-28T06:15:59,2023-09-28T18:11:08,0.46,Partially cloudy,Partly cloudy throughout the day.,partly-cloudy-day,"38583099999,38452099999,38457099999,UTTT"
Tashkent,2023-09-29,27,13.7,20.7,26.2,13.7,20.6,3.8,34.6,0,0,0,,0,0,32.8,14.8,87.7,1016.6,31.9,10,212.2,18.4,7,10,2023-09-29T06:17:01,2023-09-29T18:09:25,0.5,Partially cloudy,Partly cloudy throughout the day.,partly-cloudy-day,"38583099999,38452099999,38457099999,UTTT"
Tashkent,2023-09-30,26,14,19.9,26,14,19.9,4,36.9,0,0,0,,0,0,29.5,18.4,161.3,1017.8,30.7,10,201.3,17.3,7,10,2023-09-30T06:18:04,2023-09-30T18:07:43,0.53,Partially cloudy,Clearing in the afternoon.,partly-cloudy-day,"38583099999,38452099999,38457099999,UTTT"
Tashkent,2023-10-01,27,14,20.2,26,14,20.1,3.4,34.9,0,0,0,,0,0,33.5,18.4,113.3,1015,63.6,10.7,203.2,17.6,7,10,2023-10-01T06:19:06,2023-10-01T18:06:02,0.56,Partially cloudy,Partly cloudy throughout the day.,partly-cloudy-day,"38583099999,38452099999,38457099999,UTTT"
Tashkent,2023-10-02,26,13,19,26,13,19,2.7,36.2,0,0,0,,0,0,19.8,14.8,146.3,1014.6,57.6,9.7,203.8,17.6,7,10,2023-10-02T06:20:09,2023-10-02T18:04:20,0.59,Partially cloudy,Partly cloudy throughout the day.,partly-cloudy-day,"38583099999,38452099999,38457099999,UTTT"
Tashkent,2023-10-03,27,11.8,19.4,26,11.8,19.3,0.2,30.1,0,0,0,,0,0,18.7,14.8,81.2,1016,13.2,10.6,211.8,18.4,7,10,2023-10-03T06:21:12,2023-10-03T18:02:40,0.63,Clear,Clear conditions throughout the day.,clear-day,"38583099999,38452099999,38457099999,UTTT"
Tashkent,2023-10-04,28,13.8,21.4,26.7,13.8,21.1,0.2,26.2,0,0,0,,0,0,21.6,14.8,358.7,1016.9,13.1,10.6,205.8,17.9,7,10,2023-10-04T06:22:15,2023-10-04T18:00:59,0.66,Clear,Clear conditions throughout the day.,clear-day,"38583099999,38452099999,38457099999,UTTT,remote"
Tashkent,2023-10-05,29,14.8,22.1,27.4,14.8,21.8,2.2,29,0,0,0,,0,0,31.3,18.4,345.9,1015.6,31.5,9.6,200.2,17.2,7,10,2023-10-05T06:23:18,2023-10-05T17:59:19,0.69,Partially cloudy,Partly cloudy throughout the day.,partly-cloudy-day,"38583099999,38452099999,38457099999,UTTT"
Tashkent,2023-10-06,24,17.2,20.6,24,17.2,20.6,8.4,46.4,0.005,100,4.17,rain,0,0,34.2,29.5,187.8,1015.8,59.8,9.5,82.1,7.2,4,10,2023-10-06T06:24:22,2023-10-06T17:57:39,0.75,"Rain, Partially cloudy",Partly cloudy throughout the day with morning rain.,rain,"38583099999,38452099999,UTTT,38457099999"
Tashkent,2023-10-07,21,13.8,16.9,21,13.8,16.9,11,70.1,0.693,100,4.17,rain,0,0,27,11.2,143.7,1020.6,55.8,8.8,135.5,11.5,6,10,2023-10-07T06:25:26,2023-10-07T17:56:00,0.76,"Rain, Partially cloudy",Partly cloudy throughout the day with morning rain.,rain,"38583099999,38452099999,38457099999,UTTT"
Tashkent,2023-10-08,23,13.8,18.1,23,13.8,18.1,9,57.4,0,0,0,,0,0,19.1,14.8,148.6,1021.3,19.7,8.6,189.8,16.3,7,10,2023-10-08T06:26:30,2023-10-08T17:54:21,0.79,Clear,Clear conditions throughout the day.,clear-day,"38583099999,38452099999,38457099999,UTTT"
Tashkent,2023-10-09,27,13,19.8,26,13,19.7,4.6,40.8,0,0,0,,0,0,14.8,14.8,26.8,1018.6,1.3,8.6,196,16.8,7,10,2023-10-09T06:27:34,2023-10-09T17:52:43,0.82,Clear,Clear conditions throughout the day.,clear-day,"38583099999,38452099999,38457099999,UTTT"
Tashkent,2023-10-10,28.2,12,20.6,26.9,12,20.3,4.4,36.8,0,0,0,,0,0,37.1,18.4,96.8,1016.4,43.8,10,160.6,13.9,6,10,2023-10-10T06:28:39,2023-10-10T17:51:06,0.85,Partially cloudy,Partly cloudy throughout the day.,partly-cloudy-day,"38583099999,38452099999,38457099999,UTTT"
Tashkent,2023-10-11,28.4,15,21.2,27.2,15,21,4.9,35.4,0,0,0,,0,0,13,14.8,46.3,1017.7,22.3,9.4,184.1,15.9,7,10,2023-10-11T06:29:44,2023-10-11T17:49:29,0.89,Partially cloudy,Clearing in the afternoon.,partly-cloudy-day,"38583099999,38452099999,38457099999,UTTT"
Tashkent,2023-10-12,24,14,18.7,24,14,18.7,6.5,46,0,0,0,,0,0,25.6,25.9,296.7,1016.6,43.8,7.6,128.9,11,6,10,2023-10-12T06:30:50,2023-10-12T17:47:53,0.92,Partially cloudy,Partly cloudy throughout the day.,partly-cloudy-day,"38583099999,38452099999,38457099999,UTTT"
Tashkent,2023-10-13,14,7.6,9.7,14,5.3,8.5,5.5,75.7,17.144,100,8.33,rain,0,0,32.8,33.5,248.6,1029.7,78,11.1,64.3,5.6,5,10,2023-10-13T06:31:55,2023-10-13T17:46:17,0.95,"Rain, Partially cloudy",Partly cloudy throughout the day with rain.,rain,"38583099999,38452099999,38457099999,UTTT"
Tashkent,2023-10-14,16,6.2,11.1,16,4.8,10.6,2.2,57,0,0,0,,0,0,33.5,14.8,355.5,1026.7,11.1,11.1,186.8,16.1,7,10,2023-10-14T06:33:01,2023-10-14T17:44:42,0,Clear,Clear conditions throughout the day.,clear-day,"38583099999,38452099999,38457099999,UTTT"
Tashkent,2023-10-15,18,6.3,12.4,18,5.6,12,2.8,55.2,0,0,0,,0,0,11.5,14.8,351.9,1022,22.5,11.7,185.4,16.1,7,10,2023-10-15T06:34:08,2023-10-15T17:43:08,0.02,Partially cloudy,Partly cloudy throughout the day.,partly-cloudy-day,"38583099999,38452099999,38457099999,UTTT"
Tashkent,2023-10-16,19.5,7,13,19.5,5.6,12.5,3.1,54.4,0,0,0,,0,0,11.9,14.8,12.3,1019.1,19.1,8.9,183.8,15.9,7,10,2023-10-16T06:35:14,2023-10-16T17:41:35,0.05,Clear,Clear conditions throughout the day.,clear-day,"38583099999,38452099999,38457099999,UTTT"
Tashkent,2023-10-17,21,7,14,21,4.8,13.6,3.8,54.2,0,0,0,,0,0,9.4,11.2,83.4,1015.3,3.6,5.6,180.2,15.6,7,10,2023-10-17T06:36:21,2023-10-17T17:40:02,0.09,Clear,Clear conditions throughout the day.,clear-day,"38583099999,38452099999,38457099999,UTTT"
Tashkent,2023-10-18,23,9,16.1,23,7.9,15.8,5.4,51.8,0.005,100,4.17,rain,0,0,30.6,11.2,50.8,1019.3,37.6,5.7,124.5,10.7,5,10,2023-10-18T06:37:29,2023-10-18T17:38:31,0.13,"Rain, Partially cloudy",Partly cloudy throughout the day with late afternoon rain.,rain,"38583099999,38452099999,UTTT,38457099999"
Tashkent,2023-10-19,24,13,17.7,24,13,17.7,7.4,53.1,0,0,0,,0,0,19.4,11.2,30.9,1020.4,22.1,6.5,168.5,14.5,6,10,2023-10-19T06:38:36,2023-10-19T17:37:00,0.16,Partially cloudy,Partly cloudy throughout the day.,partly-cloudy-day,"38583099999,38452099999,38457099999,UTTT"
Tashkent,2023-10-20,26,11,18.4,26,11,18.4,6.7,49.7,0,0,0,,0,0,14.4,11.2,81.4,1017,40.2,7.6,161.7,13.9,6,10,2023-10-20T06:39:44,2023-10-20T17:35:30,0.2,Partially cloudy,Partly cloudy throughout the day.,partly-cloudy-day,"38583099999,38452099999,38457099999,UTTT"
Tashkent,2023-10-21,20,13,16.4,20,13,16.4,8.3,60,0.037,100,4.17,rain,0,0,21.6,22.3,253.7,1019.9,60.7,7.6,107,9.1,5,10,2023-10-21T06:40:52,2023-10-21T17:34:01,0.23,"Rain, Partially cloudy",Partly cloudy throughout the day with late afternoon rain.,rain,"38583099999,38452099999,38457099999,UTTT"
Tashkent,2023-10-22,23,10,16.2,23,9.1,16.2,9.7,68.4,0,0,0,,0,0,17.6,14.8,163.8,1018.1,50.6,7.3,159,13.7,6,10,2023-10-22T06:42:01,2023-10-22T17:32:34,0.25,Partially cloudy,Becoming cloudy in the afternoon.,partly-cloudy-day,"38583099999,38452099999,38457099999,UTTT"
Tashkent,2023-10-23,16,12.6,14.5,16,12.6,14.5,11.2,80.6,1.182,100,12.5,rain,0,0,16.6,11.2,289,1023.2,53.9,6.4,38.8,3.4,2,10,2023-10-23T06:43:10,2023-10-23T17:31:07,0.3,"Rain, Partially cloudy",Partly cloudy throughout the day with rain.,rain,"38583099999,38452099999,38457099999,UTTT"
Tashkent,2023-10-24,23,9,15.2,23,9,15.1,6.4,60.8,0,0,0,,0,0,10.1,11.7,52.8,1021.7,10.2,11,161.2,14,6,10,2023-10-24T06:44:19,2023-10-24T17:29:41,0.34,Clear,Clear conditions throughout the day.,clear-day,"38583099999,38452099999,38457099999,UTTT"
Tashkent,2023-10-25,26,10,17.8,26,10,17.8,3,40.9,0,0,0,,0,0,11.9,11.2,66.7,1015.9,50.1,11.3,156,13.4,6,10,2023-10-25T06:45:29,2023-10-25T17:28:17,0.37,Partially cloudy,Partly cloudy throughout the day.,partly-cloudy-day,"38583099999,38452099999,38457099999,UTTT"
Tashkent,2023-10-26,22,16,18.8,22,16,18.8,8.6,52.1,0.918,100,8.33,rain,0,0,68.4,22.3,145.6,1018.3,72.2,9.9,78.7,6.9,6,10,2023-10-26T06:46:39,2023-10-26T17:26:53,0.41,"Rain, Partially cloudy",Partly cloudy throughout the day with rain.,rain,"38583099999,38452099999,38457099999,UTTT"
Tashkent,2023-10-27,22,13.8,17.8,22,13.8,17.8,10.6,64.1,0.121,100,8.33,rain,0,0,19.1,18.4,130.2,1020.2,66.5,8,104.4,9.1,6,10,2023-10-27T06:47:49,2023-10-27T17:25:31,0.44,"Rain, Partially cloudy",Partly cloudy throughout the day with rain.,rain,"38583099999,38452099999,38457099999,UTTT"
Tashkent,2023-10-28,27,14,20.3,26.2,14,20.2,8.3,48.7,0,0,0,,0,0,29.5,14.8,79.1,1016.2,68.3,8.8,129.7,11.2,5,10,2023-10-28T06:49:00,2023-10-28T17:24:10,0.48,Partially cloudy,Partly cloudy throughout the day.,partly-cloudy-day,"38583099999,38452099999,38457099999,UTTT"
Tashkent,2023-10-29,29,14,21.3,27.5,14,21,7.2,43.3,0,0,0,,0,0,15.8,14.8,86,1015.8,44.7,8.4,126.6,10.9,6,10,2023-10-29T06:50:10,2023-10-29T17:22:50,0.5,Partially cloudy,Partly cloudy throughout the day.,partly-cloudy-day,"38583099999,38452099999,38457099999,UTTT"
Tashkent,2023-10-30,28,14,20.2,26.8,14,20,6.7,44.6,0,0,0,,0,0,16.6,11.2,99.1,1017.9,30,7.6,133,11.6,5,10,2023-10-30T06:51:21,2023-10-30T17:21:32,0.55,Partially cloudy,Becoming cloudy in the afternoon.,partly-cloudy-day,"38583099999,38452099999,38457099999,UTTT"
Tashkent,2023-10-31,18,9.6,14.1,18,9.1,14.1,7.8,66.6,6.072,100,8.33,rain,0,0,40.7,33.5,331.4,1026.6,48,8.2,26.8,2.3,2,10,2023-10-31T06:52:33,2023-10-31T17:20:15,0.58,"Rain, Partially cloudy",Partly cloudy throughout the day with rain.,rain,"38583099999,38452099999,38457099999,UTTT"
Tashkent,2023-11-01,17,7,11.7,17,5.6,11.5,5.2,67,0,0,0,,0,0,19.8,18.4,356.1,1029.5,31.3,9.6,135.1,11.7,6,10,2023-11-01T06:53:44,2023-11-01T17:18:59,0.61,Partially cloudy,Becoming cloudy in the afternoon.,partly-cloudy-day,"38583099999,38452099999,38457099999,UTTT"
Tashkent,2023-11-02,21,6,12.9,21,4.4,12.2,3,55.8,0,0,0,,0,0,15.8,14.8,30.8,1027.2,5.5,11.7,149.6,12.9,6,10,2023-11-02T06:54:56,2023-11-02T17:17:45,0.64,Clear,Clear conditions throughout the day.,clear-day,"38583099999,38452099999,38457099999,UTTT"
Tashkent,2023-11-03,21,7,13.1,21,5.6,12.5,2.7,52.6,0,0,0,,0,0,9.7,11.2,47.4,1019.1,3.8,9.1,148.7,12.9,6,10,2023-11-03T06:56:08,2023-11-03T17:16:32,0.68,Clear,Clear conditions throughout the day.,clear-day,"38583099999,38452099999,38457099999,UTTT"
Tashkent,2023-11-04,23,6,14.1,23,4.4,13.7,2.2,49.5,0,0,0,,0,0,10.1,11.2,36.5,1016,11.5,7.3,148,12.9,6,10,2023-11-04T06:57:20,2023-11-04T17:15:20,0.71,Clear,Clear conditions throughout the day.,clear-day,"38583099999,38452099999,38457099999,UTTT"
Tashkent,2023-11-05,24.2,7,14.9,24.2,5.6,14.6,0.8,43,0,0,0,,0,0,7.2,11.2,35.1,1017.8,43.3,9.1,130.5,11.3,5,10,2023-11-05T06:58:32,2023-11-05T17:14:10,0.75,Partially cloudy,Partly cloudy throughout the day.,partly-cloudy-day,"38583099999,38452099999,38457099999,UTTT"
Tashkent,2023-11-06,23,9,15.7,23,8.7,15.6,1.8,41.7,0,0,0,,0,0,11.5,14.8,5.4,1017.2,38.1,6.8,109.8,9.5,5,10,2023-11-06T06:59:45,2023-11-06T17:13:02,0.77,Partially cloudy,Partly cloudy throughout the day.,partly-cloudy-day,"38583099999,38452099999,38457099999,UTTT"
Tashkent,2023-11-07,21,12,16.4,21,12,16.4,3.2,42.4,0,0,0,,0,0,20.9,11.2,69.9,1016,38.5,5.2,89.5,7.8,4,10,2023-11-07T07:00:57,2023-11-07T17:11:55,0.8,Partially cloudy,Partly cloudy throughout the day.,partly-cloudy-day,"38583099999,38452099999,UTTT,38457099999"
Tashkent,2023-11-08,18,11.6,14.2,18,11.6,14.2,7.3,64.9,5.048,100,4.17,rain,0,0,38.5,18.5,119.9,1016.2,64,5.7,76.1,6.6,4,10,2023-11-08T07:02:10,2023-11-08T17:10:50,0.84,"Rain, Partially cloudy",Partly cloudy throughout the day with late afternoon rain.,rain,"38583099999,38452099999,38457099999,UTTT"
Tashkent,2023-11-09,14,6.6,10.3,14,5.6,9.7,6,75.4,12.898,100,8.33,rain,0,0,44.6,18.4,169.1,1026.2,72.1,9.2,100.9,8.8,5,10,2023-11-09T07:03:23,2023-11-09T17:09:47,0.87,"Rain, Partially cloudy",Partly cloudy throughout the day with rain.,rain,"38583099999,38452099999,38457099999,UTTT"
Tashkent,2023-11-10,17,5,9.8,17,1.8,8.9,1.2,59.8,0,0,0,,0,0,11.9,14.8,54,1026.3,34.1,12,133.8,11.4,5,10,2023-11-10T07:04:35,2023-11-10T17:08:45,0.9,Partially cloudy,Becoming cloudy in the afternoon.,partly-cloudy-day,"38583099999,38452099999,38457099999,UTTT"
Tashkent,2023-11-11,15,5,10.6,15,2.4,10,1.6,55.7,0,0,0,rain,0,0,35.6,18.4,50.8,1024,65.9,8.8,59.5,5.2,2,10,2023-11-11T07:05:48,2023-11-11T17:07:45,0.93,Partially cloudy,Partly cloudy throughout the day.,partly-cloudy-day,"38583099999,38452099999,38457099999,UTTT"
Tashkent,2023-11-12,14,6.8,9.8,14,4.6,9,5.3,74.8,7.046,100,4.17,rain,0,0,19.4,22.3,0.5,1030.1,27.8,8.3,128.7,11.2,5,10,2023-11-12T07:07:01,2023-11-12T17:06:47,0.96,"Rain, Partially cloudy",Partly cloudy throughout the day with morning rain.,rain,"38583099999,38452099999,38457099999,UTTT"
Tashkent,2023-11-13,15.1,4,9,15.1,2.1,8,0,56.4,0,0,0,,0,0,14.4,14.8,16.4,1029.2,22.4,11.1,119.1,10.4,5,10,2023-11-13T07:08:13,2023-11-13T17:05:50,0,Partially cloudy,Clearing in the afternoon.,partly-cloudy-day,"38583099999,38452099999,38457099999,UTTT"
Tashkent,2023-11-14,19,3,10.1,19,1.2,9.3,-0.7,51.2,0,0,0,,0,0,10.4,11.2,67.1,1024.5,1.9,11.3,134.2,11.6,5,10,2023-11-14T07:09:26,2023-11-14T17:04:56,0.03,Clear,Clear conditions throughout the day.,clear-day,"38583099999,38452099999,38457099999,UTTT"
Tashkent,2023-11-15,23.4,4,11.9,23.4,1.2,11.1,-2.1,43.9,0,0,0,,0,0,7.9,11.2,59.1,1018.2,19.4,11.2,132.3,11.4,5,10,2023-11-15T07:10:38,2023-11-15T17:04:03,0.07,Clear,Clear conditions throughout the day.,clear-day,"38583099999,38452099999,38457099999,UTTT"
Tashkent,2023-11-16,26,8,15.9,26,8,15.9,-1.3,32.7,0,0,0,,0,0,9.7,14.8,72.4,1017,28.2,11.2,124.8,10.8,5,10,2023-11-16T07:11:50,2023-11-16T17:03:12,0.1,Partially cloudy,Partly cloudy throughout the day.,partly-cloudy-day,"38583099999,38452099999,38457099999,UTTT"
Tashkent,2023-11-17,26.4,13,18.1,26.4,13,18.1,0.1,31.6,0,0,0,,0,0,6.8,14.8,61.3,1013.3,72.6,11.3,89.7,7.8,4,10,2023-11-17T07:13:02,2023-11-17T17:02:23,0.14,Partially cloudy,Partly cloudy throughout the day.,partly-cloudy-day,"38583099999,38452099999,38457099999,UTTT"
Tashkent,2023-11-18,21,13,17,21,13,17,5.3,50.1,2.007,100,4.17,rain,0,0,79.2,14.8,146.9,1016.7,66.2,6.2,45.7,4.1,2,10,2023-11-18T07:14:14,2023-11-18T17:01:37,0.18,"Rain, Partially cloudy",Partly cloudy throughout the day with late afternoon rain.,rain,"38583099999,38452099999,38457099999,UTTT"
Tashkent,2023-11-19,16.3,11,13.4,16.3,11,13.4,9,75.2,0.004,100,4.17,rain,0,0,11.9,14.8,305.5,1022,54.8,7.9,106.3,9,5,10,2023-11-19T07:15:25,2023-11-19T17:00:52,0.21,"Rain, Partially cloudy",Partly cloudy throughout the day with morning rain.,rain,"38583099999,38452099999,38457099999,UTTT"
Tashkent,2023-11-20,24,10,15.4,24,9.1,15.4,7.5,63.3,0,0,0,,0,0,8.6,11.2,50.7,1018.3,15.1,6.3,113.6,9.9,5,10,2023-11-20T07:16:36,2023-11-20T17:00:09,0.25,Clear,Clear conditions throughout the day.,clear-day,"38583099999,38452099999,38457099999,UTTT"
Tashkent,2023-11-21,25,10,17,25,7.9,16.8,2,39.5,0,0,0,,0,0,22.7,14.8,58.5,1010.7,30.9,11.2,110.9,9.7,5,10,2023-11-21T07:17:46,2023-11-21T16:59:28,0.28,Partially cloudy,Becoming cloudy in the afternoon.,partly-cloudy-day,"38583099999,38452099999,38457099999,UTTT"
Tashkent,2023-11-22,18,9,14.4,18,6.5,14.2,7.3,64.8,11.014,100,4.17,rain,0,0,36.7,25.9,278.8,1016.3,63.2,7.2,16.3,1.3,1,10,2023-11-22T07:18:56,2023-11-22T16:58:49,0.32,"Rain, Partially cloudy",Partly cloudy throughout the day with late afternoon rain.,rain,"38583099999,38452099999,38457099999,UTTT"
Tashkent,2023-11-23,13,6.8,9.1,13,3.8,8,2.5,65.9,6.905,100,4.17,rain,0,0,37.1,22.3,94.8,1024.6,56.8,11.3,108.8,9.4,5,10,2023-11-23T07:20:06,2023-11-23T16:58:13,0.35,"Rain, Partially cloudy",Partly cloudy throughout the day with morning rain.,rain,"38583099999,38452099999,38457099999,UTTT"
Tashkent,2023-11-24,17,5,10.6,17,2.4,9.9,-0.2,49,0,0,0,,0,0,18.4,18.4,94.6,1013.5,70.1,12,90.7,7.9,4,10,2023-11-24T07:21:15,2023-11-24T16:57:38,0.39,Partially cloudy,Partly cloudy throughout the day.,partly-cloudy-day,"38583099999,38452099999,38457099999,UTTT"
Tashkent,2023-11-25,17,6.4,10.9,17,5.3,10.6,2.5,58.6,0,0,0,,0,0,8.3,14.8,344.7,1020,62.7,9.6,97.5,8.4,4,10,2023-11-25T07:22:23,2023-11-25T16:57:06,0.43,Partially cloudy,Partly cloudy throughout the day.,partly-cloudy-day,"38583099999,38452099999,38457099999,UTTT"
Tashkent,2023-11-26,22,5,12,22,2.4,11.3,2.4,56.6,0,0,0,,0,0,9,11.2,62.4,1016.4,25,9.7,103.7,8.9,5,10,2023-11-26T07:23:31,2023-11-26T16:56:36,0.46,Partially cloudy,Partly cloudy throughout the day.,partly-cloudy-day,"38583099999,38452099999,38457099999,UTTT"
Tashkent,2023-11-27,18,7,12.8,18,5.6,12.5,3.1,52.6,0,0,0,,0,0,9,11.2,63.8,1012.7,38.9,8.8,71.3,6.1,3,10,2023-11-27T07:24:38,2023-11-27T16:56:08,0.5,Partially cloudy,Partly cloudy throughout the day.,partly-cloudy-day,"38583099999,38452099999,38457099999,UTTT"
Tashkent,2023-11-28,23.3,9.9,15.5,23.3,7.9,15.3,2.8,44.3,0,0,0,,0,0,8.6,14.8,72.3,1012.9,46.5,11.3,99.4,8.4,4,10,2023-11-28T07:25:44,2023-11-28T16:55:42,0.53,Partially cloudy,Partly cloudy throughout the day.,partly-cloudy-day,"38583099999,38452099999,38457099999,UTTT"
Tashkent,2023-11-29,16.2,8,12,16.2,6,11.6,5.1,64.3,0,0,0,rain,0,0,20.9,22.3,277.2,1019.9,58.8,6.9,63,5.3,3,10,2023-11-29T07:26:49,2023-11-29T16:55:19,0.56,Partially cloudy,Partly cloudy throughout the day.,partly-cloudy-day,"38583099999,38452099999,38457099999,UTTT"
Tashkent,2023-11-30,11,6,8.2,11,4.8,7.2,5.8,85.6,4.063,100,4.17,rain,0,0,14.8,14.8,309.4,1026.6,67,9.4,79.8,6.8,4,10,2023-11-30T07:27:54,2023-11-30T16:54:58,0.59,"Rain, Partially cloudy",Partly cloudy throughout the day with morning rain.,rain,"38583099999,38452099999,38457099999,UTTT"
Tashkent,2023-12-01,12,5,8.1,12,4.7,8,5.9,87.1,0,0,0,,0,0,6.5,11.2,330.5,1023.2,53.7,3.5,101.7,8.8,4,10,2023-12-01T07:28:57,2023-12-01T16:54:39,0.63,Partially cloudy,Partly cloudy throughout the day.,partly-cloudy-day,"38583099999,38452099999,38457099999,UTTT"
Tashkent,2023-12-02,16,5,9.5,16,4.4,9.3,5.1,76,0,0,0,,0,0,6.1,8.1,51.3,1022.5,23.3,3.8,66.1,5.7,3,10,2023-12-02T07:30:00,2023-12-02T16:54:22,0.66,Partially cloudy,Partly cloudy throughout the day.,partly-cloudy-day,"38583099999,38452099999,38457099999,UTTT"
Tashkent,2023-12-03,15.4,5,9.7,15.4,4.3,9,3.6,67.2,0,0,0,,0,0,6.8,11.2,24.8,1023.8,11.7,7.9,103.6,8.9,4,10,2023-12-03T07:31:01,2023-12-03T16:54:08,0.69,Clear,Clear conditions throughout the day.,clear-day,"38583099999,38452099999,38457099999,UTTT"
Tashkent,2023-12-04,18.6,6.4,11.5,18.6,5.6,11,3.4,59.6,0,0,0,,0,0,29.5,11.2,38,1025.3,25.7,9,98.5,8.7,4,10,2023-12-04T07:32:02,2023-12-04T16:53:56,0.72,Partially cloudy,Becoming cloudy in the afternoon.,partly-cloudy-day,"38583099999,38452099999,38457099999,UTTT"
Tashkent,2023-12-05,21.2,6,11.9,21.2,4.4,11.4,2.4,55.2,0,0,0,,0,0,7.6,11.2,64.8,1019.9,9.9,10.3,102.9,8.9,4,10,2023-12-05T07:33:01,2023-12-05T16:53:47,0.75,Clear,Clear conditions throughout the day.,clear-day,"38583099999,38452099999,38457099999,UTTT"
Tashkent,2023-12-06,17,4,9.5,17,1.2,8.8,1.9,62.1,0,0,0,,0,0,13,14.8,286.2,1021,32,8.1,81.7,7.1,4,10,2023-12-06T07:33:59,2023-12-06T16:53:40,0.79,Partially cloudy,Partly cloudy throughout the day.,partly-cloudy-day,"38583099999,38452099999,38457099999,UTTT"
Tashkent,2023-12-07,5,3.9,4.7,5,2.1,3.3,3,89.2,0,0,0,,0,0,9,11.2,261.7,1020.7,100,3.1,64.1,5.5,3,10,2023-12-07T07:34:55,2023-12-07T16:53:35,0.82,Overcast,Cloudy skies throughout the day.,cloudy,"38583099999,38452099999,38457099999,UTTT"
Tashkent,2023-12-08,6,0,3.9,6,-3.6,1.9,1.4,83.9,1.066,100,4.17,rain,0,0,13.7,18.4,247.1,1020.3,95.5,3.6,30,2.6,1,10,2023-12-08T07:35:50,2023-12-08T16:53:32,0.85,"Rain, Overcast",Cloudy skies throughout the day with late afternoon rain.,rain,"38583099999,38452099999,38457099999,UTTT"
Tashkent,2023-12-09,1,-1.4,-0.5,1,-4.8,-2.1,-2.7,85.3,7.956,100,4.17,"rain,snow",0.3,0.2,10.1,11.2,241.7,1031.7,78.1,7.2,67.7,5.8,3,10,2023-12-09T07:36:44,2023-12-09T16:53:32,0.88,"Snow, Rain, Partially cloudy",Partly cloudy throughout the day with morning rain or snow.,snow,"38583099999,38452099999,38457099999,UTTT"
Tashkent,2023-12-10,7,-3.2,2.2,5,-3.8,1.2,-3.6,68.2,0,0,0,,0,0.3,7.9,14.8,357.7,1024.7,47,9,81.9,7,4,10,2023-12-10T07:37:36,2023-12-10T16:53:34,0.91,Partially cloudy,Partly cloudy throughout the day.,partly-cloudy-day,"38583099999,38452099999,38457099999,UTTT"
Tashkent,2023-12-11,7,-2.9,3.5,6,-7.8,1.7,0,78.9,8.939,100,4.17,"rain,snow",1.4,0.3,55.4,25.9,304.5,1017.9,74,4.8,25.7,2.3,1,10,2023-12-11T07:38:27,2023-12-11T16:53:39,0.95,"Snow, Rain, Partially cloudy",Partly cloudy throughout the day with late afternoon rain or snow.,snow,"38583099999,38452099999,38457099999,UTTT"
Tashkent,2023-12-12,-5,-17,-11.6,-10.5,-24.1,-16.6,-14.9,77,10.905,100,4.17,snow,8.2,10.1,22.3,18.4,269.4,1031.8,71.9,7.4,77.8,6.7,3,10,2023-12-12T07:39:16,2023-12-12T16:53:46,0.98,"Snow, Partially cloudy",Partly cloudy throughout the day with morning snow.,snow,"38583099999,38452099999,38457099999,UTTT"
Tashkent,2023-12-13,-5,-17,-11.9,-5,-20.1,-12.8,-15.2,77.2,0,0,0,,0,10.9,25.9,7.6,141.2,1032.6,20.8,4.5,109.4,9.4,5,10,2023-12-13T07:40:04,2023-12-13T16:53:55,0,Partially cloudy,Partly cloudy throughout the day.,partly-cloudy-day,"38583099999,38452099999,38457099999,UTTT"
Tashkent,2023-12-14,0.3,-11,-4.9,0.3,-16.8,-6,-10.3,68.2,0,0,0,,0,9.5,11.2,11.2,72.3,1019.4,25.3,4.9,72.5,6.3,3,10,2023-12-14T07:40:50,2023-12-14T16:54:06,0.05,Partially cloudy,Partly cloudy throughout the day.,partly-cloudy-day,"38583099999,38452099999,38457099999,UTTT"
Tashkent,2023-12-15,7.3,-1,1.7,7,-3.8,0.2,-5.1,61.7,0,0,0,,0,7,14.8,14.8,2.6,1018,46.6,6.7,71.2,6.2,3,10,2023-12-15T07:41:34,2023-12-15T16:54:20,0.08,Partially cloudy,Partly cloudy throughout the day.,partly-cloudy-day,"38583099999,38452099999,38457099999,UTTT"
Tashkent,2023-12-16,2,-1,0.5,2,-3.8,-0.3,-3.5,74.8,0.007,100,4.17,"rain,snow",0,4.1,6.5,8.2,171.3,1028.1,53.8,5.1,56.7,5,3,10,2023-12-16T07:42:17,2023-12-16T16:54:36,0.12,"Snow, Rain, Partially cloudy",Partly cloudy throughout the day with late afternoon rain or snow.,rain,"38583099999,38452099999,38457099999,UTTT"
Tashkent,2023-12-17,10,1.6,4.3,10,-0.3,3.5,1.3,81.3,0.68,100,4.17,rain,0,1.4,10.4,8.1,65.1,1029.3,52.2,4.5,61.3,5.2,3,10,2023-12-17T07:42:57,2023-12-17T16:54:55,0.15,"Rain, Partially cloudy",Partly cloudy throughout the day with morning rain.,rain,"38583099999,38452099999,38457099999,UTTT"
Tashkent,2023-12-18,15.2,1,7.2,15.2,-1.4,6.1,0.2,63.8,0,0,0,,0,0.2,17.6,25.9,79.7,1021.4,49.8,10.3,71.2,6.1,3,10,2023-12-18T07:43:36,2023-12-18T16:55:15,0.19,Partially cloudy,Partly cloudy throughout the day.,partly-cloudy-day,"38583099999,38452099999,38457099999,UTTT"
Tashkent,2023-12-19,7,3,4.6,6,-0.7,3.1,1.5,80.8,3.015,100,8.33,rain,0,0,20.5,14.8,305.5,1028.8,71.6,5.9,42,3.7,2,10,2023-12-19T07:44:13,2023-12-19T16:55:38,0.25,"Rain, Partially cloudy",Partly cloudy throughout the day with rain.,rain,"38583099999,38452099999,38457099999,UTTT"
Tashkent,2023-12-20,7,1,3.8,6,-2.4,2.3,-0.2,76.5,0,0,0,,0,0,14,11.2,300.5,1034.1,46.5,7,92.2,7.9,4,10,2023-12-20T07:44:48,2023-12-20T16:56:04,0.26,Partially cloudy,Partly cloudy throughout the day.,partly-cloudy-day,"38583099999,38452099999,38457099999,UTTT"
Tashkent,2023-12-21,8.4,-1,3.2,8.4,-2.2,2.7,0.2,81.9,0,0,0,,0,0,6.5,7.6,204,1029.9,7.5,3.1,100.6,8.6,4,10,2023-12-21T07:45:21,2023-12-21T16:56:31,0.3,Clear,Clear conditions throughout the day.,clear-day,"38583099999,38452099999,38457099999,UTTT"
Tashkent,2023-12-22,15,-2,4.9,15,-3.8,4.4,-0.5,73.4,0,0,0,,0,0,6.1,8.1,74.4,1017.9,20.8,5.1,100.9,8.7,4,10,2023-12-22T07:45:51,2023-12-22T16:57:00,0.33,Partially cloudy,Clearing in the afternoon.,partly-cloudy-day,"38583099999,38452099999,38457099999,UTTT"
Tashkent,2023-12-23,18,0,7.6,18,-3.6,6.6,-1.6,58.8,0,0,0,,0,0,9.7,18.4,88.1,1014.4,43,10.1,82.9,7.2,4,10,2023-12-23T07:46:20,2023-12-23T16:57:32,0.37,Partially cloudy,Becoming cloudy in the afternoon.,partly-cloudy-day,"38583099999,38452099999,38457099999,UTTT"
Tashkent,2023-12-24,16,9.4,12.6,16,7.1,12.1,1.5,47.3,0,0,0,,0,0,25.2,22.3,76.5,1014.6,70.5,12,45.7,3.9,2,10,2023-12-24T07:46:47,2023-12-24T16:58:05,0.4,Partially cloudy,Partly cloudy throughout the day.,partly-cloudy-day,"38583099999,38452099999,38457099999,UTTT,remote"
Tashkent,2023-12-25,21,12.5,15.7,21,12.5,15.7,4.3,47.4,0,0,0,,0,0,16.6,22.3,72.4,1013.4,48.5,10,92.9,7.9,4,10,2023-12-25T07:47:11,2023-12-25T16:58:41,0.44,Partially cloudy,Partly cloudy throughout the day.,partly-cloudy-day,"38583099999,38452099999,38457099999,UTTT"
Tashkent,2023-12-26,15,6,9.1,15,4.4,8.2,5.5,79.5,17.944,100,8.33,rain,0,0,44.6,18.4,97.6,1021.3,88.4,11.1,14.7,1.3,1,10,2023-12-26T07:47:34,2023-12-26T16:59:19,0.47,"Rain, Partially cloudy",Partly cloudy throughout the day with rain.,rain,"38583099999,38452099999,38457099999,UTTT"
Tashkent,2023-12-27,12,6,9.1,12,3.6,7.9,3.8,70.2,1.051,100,8.33,rain,0,0,40.7,25.9,192.4,1023.7,73.4,8.8,55.4,4.7,2,10,2023-12-27T07:47:54,2023-12-27T16:59:59,0.5,"Rain, Partially cloudy",Partly cloudy throughout the day with rain.,rain,"38583099999,38452099999,38457099999,UTTT"
Tashkent,2023-12-28,18,4,10,18,2.1,8.5,0.2,54.1,0,0,0,,0,0,8.3,18.4,68.9,1018.5,55.3,12.6,96.7,8.2,4,10,2023-12-28T07:48:12,2023-12-28T17:00:40,0.54,Partially cloudy,Clearing in the afternoon.,partly-cloudy-day,"38583099999,38452099999,38457099999,UTTT"
Tashkent,2023-12-29,11,1,5.1,11,-3,2.9,1,76.9,10.027,100,8.33,"rain,snow",0.2,0.1,33.1,22.3,230.8,1024.8,83,7.8,11.3,1,1,10,2023-12-29T07:48:28,2023-12-29T17:01:24,0.57,"Snow, Rain, Partially cloudy",Partly cloudy throughout the day with rain or snow.,snow,"38583099999,38452099999,38457099999,UTTT"
Tashkent,2023-12-30,5,-2,1.5,5,-6,-0.4,-4.4,65.8,0.974,100,4.17,"rain,snow",0,0,13,14.8,45.1,1032.6,21.2,12,98.9,8.6,4,10,2023-12-30T07:48:41,2023-12-30T17:02:09,0.61,"Snow, Rain, Partially cloudy",Partly cloudy throughout the day with morning rain or snow.,rain,"38583099999,38452099999,38457099999,UTTT"
Tashkent,2023-12-31,10.8,-1,3.9,10.8,-4.8,2.6,-3.7,59.7,0,0,0,,0,0,8.3,14.8,338.9,1025.6,9.6,10.9,99.2,8.6,4,10,2023-12-31T07:48:53,2023-12-31T17:02:56,0.64,Clear,Clear conditions throughout the day.,clear-day,"38583099999,38452099999,38457099999,UTTT"
Tashkent,2024-01-01,15.1,1,7,15.1,-2.4,5.9,-2.9,52,0,0,0,,0,0,6.5,18.4,75.8,1019.2,61.2,12,95.9,8.2,4,10,2024-01-01T07:49:02,2024-01-01T17:03:45,0.67,Partially cloudy,Partly cloudy throughout the day.,partly-cloudy-day,"38583099999,38452099999,38457099999,UTTT"
Tashkent,2024-01-02,9,3,5.5,8,0.9,4.9,-0.4,66.4,0,0,0,,0,0,14.8,11.2,254.3,1024.5,53.5,6.6,61.3,5.2,3,10,2024-01-02T07:49:08,2024-01-02T17:04:35,0.7,Partially cloudy,Partly cloudy throughout the day.,partly-cloudy-day,"38583099999,38452099999,38457099999,UTTT"
Tashkent,2024-01-03,11.2,1.2,5.1,11.2,-1.2,4.2,1.4,78.4,0,0,0,,0,0,5.8,11.2,75.8,1019.5,24.8,3.4,79.3,6.8,4,10,2024-01-03T07:49:13,2024-01-03T17:05:28,0.73,Partially cloudy,Partly cloudy throughout the day.,partly-cloudy-day,"38583099999,38452099999,38457099999,UTTT"
Tashkent,2024-01-04,15,3,8.6,15,-0.7,7.2,-1.8,48.7,0,0,0,,0,0,17.6,14.8,77.6,1014,53.6,10.8,58,5,3,10,2024-01-04T07:49:15,2024-01-04T17:06:21,0.75,Partially cloudy,Partly cloudy throughout the day.,partly-cloudy-day,"38583099999,38452099999,38457099999,UTTT"
Tashkent,2024-01-05,13.3,5,9.8,13.3,2.4,9.3,3.7,66.6,0,0,0,,0,0,22.7,14.8,109.3,1017,40,7.5,67.3,5.8,3,10,2024-01-05T07:49:15,2024-01-05T17:07:17,0.8,Partially cloudy,Partly cloudy throughout the day.,partly-cloudy-day,"38583099999,38452099999,38457099999,UTTT"
Tashkent,2024-01-06,16.1,5,11,16.1,1.8,10.2,3.5,61,0.017,100,4.17,rain,0,0,16.2,14.8,61.8,1016.2,59,8.1,67.5,5.9,3,10,2024-01-06T07:49:12,2024-01-06T17:08:13,0.83,"Rain, Partially cloudy",Partly cloudy throughout the day with morning rain.,rain,"38583099999,38452099999,38457099999,UTTT"
Tashkent,2024-01-07,13.2,8,10.8,13.2,6.8,10.5,3.9,64.7,6.056,100,4.17,rain,0,0,30.6,22.3,46.2,1018.1,67.7,8.1,47.4,4.2,3,10,2024-01-07T07:49:07,2024-01-07T17:09:12,0.86,"Rain, Partially cloudy",Partly cloudy throughout the day with late afternoon rain.,rain,"38583099999,38452099999,38457099999,UTTT"
Tashkent,2024-01-08,9,6,7.5,9,4.3,6.4,5,84.4,2.022,100,4.17,rain,0,0,17.3,14.8,268.8,1023.2,92.8,5.3,90,7.8,4,10,2024-01-08T07:49:00,2024-01-08T17:10:11,0.9,"Rain, Overcast",Cloudy skies throughout the day with morning rain.,rain,"38583099999,38452099999,38457099999,UTTT"
Tashkent,2024-01-09,15.4,3,8.6,15.4,0.9,7.8,2.7,69.3,0,0,0,,0,0,12.2,18.4,77.6,1015.8,50.2,8.8,56.7,4.8,3,10,2024-01-09T07:48:51,2024-01-09T17:11:12,0.93,Partially cloudy,Partly cloudy throughout the day.,partly-cloudy-day,"38583099999,38452099999,38457099999,UTTT"
Tashkent,2024-01-10,13,7.6,10,13,6.2,9.5,2.8,61.8,0,0,0,,0,0,25.9,14.8,137.6,1013.7,50.2,5.2,63.2,5.5,3,10,2024-01-10T07:48:39,2024-01-10T17:12:14,0.96,Partially cloudy,Partly cloudy throughout the day.,partly-cloudy-day,"38583099999,38452099999,38457099999,UTTT"
Tashkent,2024-01-11,8.3,3,5.9,8.3,0.4,4.1,2.7,80.4,3.019,100,4.17,rain,0,0,23.8,15.3,223.9,1017,58.3,5.5,15.3,1.4,1,10,2024-01-11T07:48:25,2024-01-11T17:13:17,0,"Rain, Partially cloudy",Partly cloudy throughout the day with late afternoon rain.,rain,"38583099999,38452099999,38457099999,UTTT"
Tashkent,2024-01-12,9,-1,3.6,7.9,-4.4,1.7,0.6,81.9,0.002,100,4.17,rain,0,0,37.1,14.8,15.9,1016.2,48.2,7.1,63.8,5.7,2,10,2024-01-12T07:48:09,2024-01-12T17:14:22,0.03,"Rain, Partially cloudy",Partly cloudy throughout the day with morning rain.,rain,"38583099999,38452099999,38457099999,UTTT"
Tashkent,2024-01-13,13,4,10.2,13,2.1,9.5,3.4,63.6,0.182,100,4.17,rain,0,0,58.3,18.4,97.6,1009.3,52.8,8.7,40.3,3.7,2,10,2024-01-13T07:47:50,2024-01-13T17:15:27,0.06,"Rain, Partially cloudy",Partly cloudy throughout the day with late afternoon rain.,rain,"38583099999,38452099999,38457099999,UTTT"
Tashkent,2024-01-14,11,4,8.7,11,1.2,7.5,3.1,68.5,0.007,100,4.17,rain,0,0,25.2,25.9,341.4,1015.2,63.7,7.4,68.2,5.9,4,10,2024-01-14T07:47:29,2024-01-14T17:16:34,0.1,"Rain, Partially cloudy",Partly cloudy throughout the day with late afternoon rain.,rain,"38583099999,38452099999,38457099999,UTTT"
Tashkent,2024-01-15,3,-2,-0.7,1,-6,-3.4,-1.9,92.1,8.915,100,8.33,"rain,snow",0.5,0.2,20.5,22.3,236.1,1023.7,93.3,3.7,41.3,3.5,2,10,2024-01-15T07:47:06,2024-01-15T17:17:41,0.13,"Snow, Rain, Overcast",Cloudy skies throughout the day with rain or snow.,snow,"38583099999,38452099999,38457099999,UTTT"
Tashkent,2024-01-16,1,-2,-0.7,1,-4.9,-2.4,-2.5,87.8,0.614,100,4.17,"rain,snow",0,1.3,6.1,11.2,252.4,1024.3,89.1,3.5,74,6.5,4,10,2024-01-16T07:46:41,2024-01-16T17:18:50,0.17,"Snow, Rain, Partially cloudy",Partly cloudy throughout the day with late afternoon rain or snow.,rain,"38583099999,38452099999,38457099999,UTTT"
Tashkent,2024-01-17,5,0,1.3,3.5,-2.6,0.1,0,91,0,0,0,,0,0.7,7.9,11.2,163.3,1023.2,46.2,1.6,104.4,9,5,10,2024-01-17T07:46:13,2024-01-17T17:19:59,0.2,Partially cloudy,Partly cloudy throughout the day.,partly-cloudy-day,"38583099999,38452099999,38457099999,UTTT"
Tashkent,2024-01-18,11,-1,3.7,11,-2.6,2.7,0.4,81.3,0,0,0,,0,0,6.1,10.3,78.1,1022.6,55.7,3.7,109.8,9.5,5,10,2024-01-18T07:45:44,2024-01-18T17:21:09,0.25,Partially cloudy,Clearing in the afternoon.,partly-cloudy-day,"38583099999,38452099999,38457099999,UTTT"
Tashkent,2024-01-19,8.2,1.4,5.5,6.9,-0.4,3.7,0.9,73.2,0,0,0,rain,0,0,11.9,14.8,276,1026.9,41.9,4,54.8,4.8,3,10,2024-01-19T07:45:12,2024-01-19T17:22:20,0.27,Partially cloudy,Partly cloudy throughout the day.,partly-cloudy-day,"38583099999,38452099999,38457099999,UTTT"
Tashkent,2024-01-20,7,1,3.4,7,-0.3,2.1,0.8,83.5,0,0,0,,0,0,10.1,11.2,232.1,1028.6,79.4,3.2,103.3,8.9,5,10,2024-01-20T07:44:38,2024-01-20T17:23:31,0.31,Partially cloudy,Partly cloudy throughout the day.,partly-cloudy-day,"38583099999,38452099999,38457099999,UTTT"
Tashkent,2024-01-21,9.1,1,4.1,8,-1.4,2.5,0.5,78.1,0,0,0,,0,0,9.4,14.8,237.9,1025.1,61.2,2.7,118.1,10.2,5,10,2024-01-21T07:44:02,2024-01-21T17:24:43,0.34,Partially cloudy,Partly cloudy throughout the day.,partly-cloudy-day,"38583099999,38452099999,38457099999,UTTT"
Tashkent,2024-01-22,14.2,-0.3,5.9,14.2,-2.6,4.9,-1.1,66.3,0,0,0,,0,0,4.7,14.8,87.2,1020.1,65.1,6.2,95.3,8.2,4,10,2024-01-22T07:43:24,2024-01-22T17:25:56,0.38,Partially cloudy,Partly cloudy throughout the day.,partly-cloudy-day,"38583099999,38452099999,38457099999,UTTT"
Tashkent,2024-01-23,11,2,6.6,11,-1.2,5.4,-0.4,62,0,0,0,,0,0,14,14.8,78.3,1025.3,41.9,6,106.3,9.1,5,10,2024-01-23T07:42:43,2024-01-23T17:27:09,0.41,Partially cloudy,Partly cloudy throughout the day.,partly-cloudy-day,"38583099999,38452099999,38457099999,UTTT"
Tashkent,2024-01-24,14.4,3.6,8.4,14.4,0.9,7.5,1.4,63.8,0,0,0,,0,0,8.6,18.4,235.3,1021.4,38.1,6.2,74.8,6.3,4,10,2024-01-24T07:42:01,2024-01-24T17:28:22,0.45,Partially cloudy,Partly cloudy throughout the day.,partly-cloudy-day,"38583099999,38452099999,38457099999,UTTT"
Tashkent,2024-01-25,7,-1,3.9,7,-4,2.2,2,88.2,10.939,100,4.17,"rain,snow",1.3,0.3,25.2,18.4,246.4,1018.6,67,2.7,39.9,3.3,2,10,2024-01-25T07:41:17,2024-01-25T17:29:36,0.5,"Snow, Rain, Partially cloudy",Partly cloudy throughout the day with late afternoon rain or snow.,snow,"38583099999,38452099999,38457099999,UTTT"
Tashkent,2024-01-26,1,-2.4,-0.6,1,-6.6,-2.3,-2,90.4,5.941,100,8.33,"rain,snow",0,0.7,16.6,11.7,316.7,1025.8,91,3.7,93.4,8,4,10,2024-01-26T07:40:31,2024-01-26T17:30:51,0.52,"Snow, Rain, Overcast",Cloudy skies throughout the day with rain or snow.,rain,"38583099999,38452099999,38457099999,UTTT"
Tashkent,2024-01-27,7,-2,2.1,6,-6,1,-0.2,85.9,0,0,0,,0,1,18,11.7,13,1020.4,53.5,2.6,98.4,8.5,4,10,2024-01-27T07:39:43,2024-01-27T17:32:06,0.55,Partially cloudy,Partly cloudy throughout the day.,partly-cloudy-day,"38583099999,38452099999,38457099999,UTTT"
Tashkent,2024-01-28,15,3.7,8.9,15,1.2,7.8,1.7,64.6,0.012,100,4.17,rain,0,0.1,29.2,25.9,13.1,1010.9,53.3,9,87.7,7.6,4,10,2024-01-28T07:38:52,2024-01-28T17:33:21,0.58,"Rain, Partially cloudy",Partly cloudy throughout the day with late afternoon rain.,rain,"38583099999,38452099999,38457099999,UTTT"
Tashkent,2024-01-29,8,2.9,5.5,8,-0.5,3.2,4,89.9,32.624,100,8.33,rain,0,0,46.8,22.3,170,1018.2,90.3,5.9,10.8,0.8,1,10,2024-01-29T07:38:00,2024-01-29T17:34:36,0.62,"Rain, Overcast",Cloudy skies throughout the day with rain.,rain,"38583099999,38452099999,38457099999,UTTT"
Tashkent,2024-01-30,5,1.6,3.3,4,-2.5,0.5,-0.7,76,1.993,100,4.17,"rain,snow",0.2,0.1,29.2,18.4,51.2,1025.3,93.7,9.7,46.4,3.9,3,10,2024-01-30T07:37:07,2024-01-30T17:35:52,0.65,"Snow, Rain, Overcast",Cloudy skies throughout the day with morning rain or snow.,snow,"38583099999,38452099999,38457099999,UTTT"
Tashkent,2024-01-31,4,-1.2,1.7,1.1,-4.8,-1.6,-2,76.9,2.963,100,4.17,"rain,snow",0.2,0.1,44.6,22.3,180.9,1028,74.5,7.8,96.1,8.3,4,10,2024-01-31T07:36:11,2024-01-31T17:37:07,0.68,"Snow, Rain, Partially cloudy",Partly cloudy throughout the day with morning rain or snow.,snow,"38583099999,38452099999,38457099999,UTTT"
Tashkent,2024-02-01,3,-1.2,0.4,0,-5.6,-3.2,-2.3,83.1,0.792,100,8.33,"rain,snow",0.2,0,32,22.3,179.8,1027.1,92.8,5.1,64.6,5.5,3,10,2024-02-01T07:35:13,2024-02-01T17:38:23,0.72,"Snow, Rain, Overcast",Cloudy skies throughout the day with rain or snow.,snow,"38583099999,38452099999,38457099999,UTTT"
Tashkent,2024-02-02,7,-2,1.6,6.2,-6.8,-1.2,-4.3,67.1,0.986,100,4.17,rain,0,0,17.6,14.8,48.6,1024.9,33.7,8.2,136,11.7,5,10,2024-02-02T07:34:14,2024-02-02T17:39:39,0.75,"Rain, Partially cloudy",Partly cloudy throughout the day with morning rain.,rain,"38583099999,38452099999,38457099999,UTTT"
Tashkent,2024-02-03,3,-2,1.2,1.2,-7.5,-1.7,-6.8,55.5,0,0,0,snow,0.1,0.3,29.5,18.4,101.5,1012.7,67.8,9.9,66.4,5.8,3,10,2024-02-03T07:33:13,2024-02-03T17:40:55,0.75,Partially cloudy,Partly cloudy throughout the day.,partly-cloudy-day,"38583099999,38452099999,38457099999,UTTT"
Tashkent,2024-02-04,7,0,2.9,5,-3.6,0.6,-1,76.9,4.922,100,4.17,"rain,snow",0.7,0.5,22.7,18.4,158.4,1022.6,72.7,6.4,94.1,8.3,4,10,2024-02-04T07:32:11,2024-02-04T17:42:11,0.81,"Snow, Rain, Partially cloudy",Partly cloudy throughout the day with morning rain or snow.,snow,"38583099999,38452099999,38457099999,UTTT"
Tashkent,2024-02-05,9,0,4.2,9,-3.6,2.6,-2.9,61.7,0,0,0,,0,0.1,9,14.8,73.4,1019.6,86.7,10.7,104,9.2,4,10,2024-02-05T07:31:07,2024-02-05T17:43:27,0.85,Partially cloudy,Partly cloudy throughout the day.,partly-cloudy-day,"38583099999,38452099999,38457099999,UTTT"
Tashkent,2024-02-06,15,3.8,8.4,15,0.6,6.7,-3.4,43.8,0,0,0,,0,0.1,40.7,29.5,67.5,1013.5,88.8,12,118.5,10.2,5,10,2024-02-06T07:30:01,2024-02-06T17:44:43,0.88,Partially cloudy,Partly cloudy throughout the day.,partly-cloudy-day,"38583099999,38452099999,38457099999,UTTT"
Tashkent,2024-02-07,10.1,4.9,7.4,10.1,2.1,5.8,1.3,66.4,1.052,100,8.33,rain,0,0,64.8,25.9,204.8,1016.6,72.8,8.6,45,3.8,3,10,2024-02-07T07:28:53,2024-02-07T17:45:59,0.91,"Rain, Partially cloudy",Partly cloudy throughout the day with rain.,rain,"38583099999,38452099999,38457099999,UTTT"
Tashkent,2024-02-08,14,6,9.6,14,3,8.3,3.2,65.2,2.048,100,4.17,rain,0,0,22,14.8,79,1022.4,55.5,8.2,76.3,6.6,3,10,2024-02-08T07:27:45,2024-02-08T17:47:14,0.95,"Rain, Partially cloudy",Partly cloudy throughout the day with morning rain.,rain,"38583099999,38452099999,38457099999,UTTT"
Tashkent,2024-02-09,20,8,12.8,20,5,11.8,0.6,44.6,0,0,0,,0,0,9.7,18.4,70.1,1018.5,50.7,10.4,132.8,11.4,6,10,2024-02-09T07:26:34,2024-02-09T17:48:30,0.98,Partially cloudy,Partly cloudy throughout the day.,partly-cloudy-day,"38583099999,38452099999,38457099999,UTTT"
Tashkent,2024-02-10,21,7,12.4,21,3.8,11.7,-0.6,42.8,0,0,0,,0,0,11.2,18.4,71.4,1019.2,77,9.5,116.6,9.9,5,10,2024-02-10T07:25:22,2024-02-10T17:49:45,0,Partially cloudy,Partly cloudy throughout the day.,partly-cloudy-day,"38583099999,38452099999,38457099999,UTTT"
Tashkent,2024-02-11,19.3,6,11.3,19.3,4.8,10.6,0.6,49.9,0,0,0,,0,0,23.4,14.8,127.2,1021.5,47.6,7.8,137.1,11.8,6,10,2024-02-11T07:24:09,2024-02-11T17:51:01,0.05,Partially cloudy,Clearing in the afternoon.,partly-cloudy-day,"38583099999,38452099999,38457099999,UTTT"
Tashkent,2024-02-12,7,3,5.1,5.6,-0.7,3.4,1.9,80.5,0,0,0,,0,0,8.6,14.8,135.3,1026.5,48.4,5.3,103.8,9,4,10,2024-02-12T07:22:54,2024-02-12T17:52:16,0.08,Partially cloudy,Partly cloudy throughout the day.,partly-cloudy-day,"38583099999,38452099999,38457099999,UTTT"
Tashkent,2024-02-13,15,3,8.3,15,2.4,7.7,3.4,73.9,0,0,0,,0,0,6.5,14.8,353.2,1025.8,43,6.6,148,12.8,6,10,2024-02-13T07:21:38,2024-02-13T17:53:31,0.11,Partially cloudy,Partly cloudy throughout the day.,partly-cloudy-day,"38583099999,38452099999,38457099999,UTTT"
Tashkent,2024-02-14,22,5,12.3,22,2.4,11.7,-1.3,43.1,0,0,0,,0,0,7.9,14.8,74.9,1020.4,60.8,12.6,157.9,13.7,6,10,2024-02-14T07:20:21,2024-02-14T17:54:46,0.15,Partially cloudy,Becoming cloudy in the afternoon.,partly-cloudy-day,"38583099999,38452099999,38457099999,UTTT"
Tashkent,2024-02-15,19.3,10,14.6,19.3,7.9,14.3,-0.2,36.8,0,0,0,,0,0,29.9,14.8,105.9,1014.6,65.4,8.2,102.5,8.8,4,10,2024-02-15T07:19:02,2024-02-15T17:56:00,0.18,Partially cloudy,Partly cloudy throughout the day.,partly-cloudy-day,"38583099999,38452099999,38457099999,UTTT"
Tashkent,2024-02-16,14.2,-4,3.3,14.2,-9.3,0.6,-1.8,72.9,15.647,100,4.17,"rain,snow",3,1.1,29.5,22.3,266.6,1022.2,73.5,6.6,26.7,2.3,1,10,2024-02-16T07:17:42,2024-02-16T17:57:14,0.25,"Snow, Rain, Partially cloudy",Partly cloudy throughout the day with late afternoon rain or snow.,snow,"38583099999,38452099999,38457099999,UTTT"
Tashkent,2024-02-17,-2.8,-6,-4.3,-2.8,-10.8,-7,-6.8,82.7,0.024,100,4.17,snow,0.1,0.7,11.9,11.2,172.7,1022.7,87,6.6,69,5.9,3,10,2024-02-17T07:16:21,2024-02-17T17:58:28,0.25,"Snow, Partially cloudy",Partly cloudy throughout the day with morning snow.,snow,"38583099999,38452099999,38457099999,UTTT"
Tashkent,2024-02-18,-1,-4,-2.3,-1,-7.2,-4.9,-4.2,86.9,4.115,100,8.33,"rain,snow",2,0.7,29.5,14.8,240.7,1015,79.6,2.7,54.4,4.6,3,10,2024-02-18T07:14:59,2024-02-18T17:59:42,0.29,"Snow, Rain, Partially cloudy",Partly cloudy throughout the day with rain or snow.,snow,"38583099999,38452099999,38457099999,UTTT"
Tashkent,2024-02-19,-1,-4,-2.3,-1,-7.3,-4.7,-4.6,84.4,3.871,100,8.33,snow,0.5,1.2,11.9,11.2,283.4,1020.6,100,4.5,80,6.9,3,10,2024-02-19T07:13:36,2024-02-19T18:00:56,0.32,"Snow, Overcast",Cloudy skies throughout the day with snow.,snow,"38583099999,38452099999,38457099999,UTTT"
Tashkent,2024-02-20,1,-5.2,-3,-1.4,-10.5,-6.1,-5.7,82,6.988,100,8.33,snow,1.1,1.4,20.2,14.8,317.1,1026.7,66.7,3.8,138.5,12,6,10,2024-02-20T07:12:11,2024-02-20T18:02:09,0.35,"Snow, Partially cloudy",Partly cloudy throughout the day with snow.,snow,"38583099999,38452099999,38457099999,UTTT"
Tashkent,2024-02-21,2,-6,-2,-1.2,-9.6,-5.3,-7.4,68.4,0,0,0,,0,3,10.4,14.8,4.4,1027.2,44.5,5.9,144,12.5,6,10,2024-02-21T07:10:46,2024-02-21T18:03:22,0.39,Partially cloudy,Partly cloudy throughout the day.,partly-cloudy-day,"38583099999,38452099999,38457099999,UTTT"
Tashkent,2024-02-22,4.6,-3.7,1.2,4,-6,-0.2,-5,64,0,0,0,,0,2.4,7.6,11.2,139.1,1027.1,29.5,5.1,162.5,14,6,10,2024-02-22T07:09:19,2024-02-22T18:04:34,0.42,Partially cloudy,Partly cloudy throughout the day.,partly-cloudy-day,"38583099999,38452099999,38457099999,UTTT"
Tashkent,2024-02-23,8,2,4.5,6.8,-0.7,2.6,-0.5,70.6,0.228,100,8.33,rain,0,1,9,18.4,104.5,1026.5,52.8,5.9,105.5,9.1,4,10,2024-02-23T07:07:52,2024-02-23T18:05:47,0.46,"Rain, Partially cloudy",Partly cloudy throughout the day with rain.,rain,"38583099999,38452099999,38457099999,UTTT"
Tashkent,2024-02-24,3,0,0.9,2,-3.6,-1.6,-0.6,89.6,3.878,100,8.33,"rain,snow",0.2,0.6,9.7,11.2,247.2,1027.9,89.5,3.2,33.2,3,1,10,2024-02-24T07:06:23,2024-02-24T18:06:59,0.5,"Snow, Rain, Partially cloudy",Partly cloudy throughout the day with rain or snow.,snow,"38583099999,38452099999,38457099999,UTTT"
Tashkent,2024-02-25,3,0,1.3,2,-2.6,0,0.2,92.4,4.012,100,8.33,"rain,snow",0.1,0.6,9,11.2,269.3,1026.4,97.5,2.3,51.2,4.4,3,10,2024-02-25T07:04:54,2024-02-25T18:08:10,0.53,"Snow, Rain, Overcast",Cloudy skies throughout the day with rain or snow.,snow,"38583099999,38452099999,38457099999,UTTT"
Tashkent,2024-02-26,4,0,1.3,1.2,-2.6,-0.8,0.2,92.2,2.988,100,4.17,"rain,snow",0,0.5,10.1,15.3,255.2,1025.2,98.3,2.7,42.2,3.6,2,10,2024-02-26T07:03:24,2024-02-26T18:09:22,0.56,"Snow, Rain, Overcast",Cloudy skies throughout the day with morning rain or snow.,rain,"38583099999,38452099999,38457099999,UTTT"
Tashkent,2024-02-27,6,0,2.4,6,-2.6,0.7,-1.3,77.2,0,0,0,,0,0.5,8.6,14.8,234.4,1027.2,97.2,6,95.1,8.3,4,10,2024-02-27T07:01:53,2024-02-27T18:10:33,0.59,Overcast,Cloudy skies throughout the day.,cloudy,"38583099999,38452099999,38457099999,UTTT"
Tashkent,2024-02-28,5,1,2.8,5,-2.4,1,-0.8,77.8,0,0,0,,0,0.3,25.9,11.2,213.9,1027.9,94.4,5,119,10.2,5,10,2024-02-28T07:00:21,2024-02-28T18:11:44,0.63,Overcast,Cloudy skies throughout the day.,cloudy,"38583099999,38452099999,38457099999,UTTT"
Tashkent,2024-02-29,8,0,4.1,8,-1.4,2.6,-0.9,71.4,0,0,0,,0,0,13,18.4,288.1,1022.6,50.9,3.8,143.3,12.3,6,10,2024-02-29T06:58:48,2024-02-29T18:12:54,0.66,Partially cloudy,Partly cloudy throughout the day.,partly-cloudy-day,"38583099999,38452099999,38457099999,UTTT"
Tashkent,2024-03-01,5,1.8,3.2,3.3,-1.9,0.6,-0.4,77.6,0,0,0,snow,0.2,0,17.6,18.4,201.9,1020.7,66.3,5.5,136.1,11.8,7,10,2024-03-01T06:57:15,2024-03-01T18:14:04,0.69,Partially cloudy,Partly cloudy throughout the day.,partly-cloudy-day,"38583099999,38452099999,38457099999,UTTT"
Tashkent,2024-03-02,1,-0.1,0.6,1,-2.6,-0.5,-0.8,90.6,5,100,8.33,snow,1.6,1,21.6,11.2,257.6,1022.3,95.8,4,70.3,6.1,3,10,2024-03-02T06:55:41,2024-03-02T18:15:14,0.73,"Snow, Overcast",Cloudy skies throughout the day with snow.,snow,"38583099999,38452099999,38457099999,UTTT"
Tashkent,2024-03-03,2,0,0.7,2,-3.6,-1.4,-0.3,93.6,8.878,100,8.33,"rain,snow",0.5,0.6,29.5,11.2,264.2,1024,98.7,3.1,36.9,3.1,1,10,2024-03-03T06:54:06,2024-03-03T18:16:24,0.75,"Snow, Rain, Overcast",Cloudy skies throughout the day with rain or snow.,snow,"38583099999,38452099999,38457099999,UTTT"
Tashkent,2024-03-04,7,-2,2.4,6,-4.9,1.4,-3.2,69,0,0,0,,0,0.1,8.3,11.2,80.1,1025.2,48.9,7.4,200.7,17.4,7,10,2024-03-04T06:52:31,2024-03-04T18:17:33,0.8,Partially cloudy,Partly cloudy throughout the day.,partly-cloudy-day,"38583099999,38452099999,38457099999,UTTT"
Tashkent,2024-03-05,10,-1,4,10,-3.8,2.3,-3.5,60.1,0,0,0,,0,0,7.6,14.8,52.2,1021.9,47.5,7.5,144.6,12.5,6,10,2024-03-05T06:50:55,2024-03-05T18:18:42,0.83,Partially cloudy,Partly cloudy throughout the day.,partly-cloudy-day,"38583099999,38452099999,38457099999,UTTT"
Tashkent,2024-03-06,11.1,2,6.5,11.1,-1.2,5.5,-2.7,53.6,0,0,0,,0,0,6.8,11.2,43.9,1018.6,49.6,7.4,125.4,10.8,4,10,2024-03-06T06:49:18,2024-03-06T18:19:51,0.86,Partially cloudy,Partly cloudy throughout the day.,partly-cloudy-day,"38583099999,38452099999,38457099999,UTTT"
Tashkent,2024-03-07,14,4,8.8,14,1.2,8,0.5,58,0,0,0,,0,0,13,14.8,104.4,1018.2,41.6,7.5,179.8,15.6,6,10,2024-03-07T06:47:41,2024-03-07T18:20:59,0.9,Partially cloudy,Partly cloudy throughout the day.,partly-cloudy-day,"38583099999,38452099999,38457099999,UTTT"
Tashkent,2024-03-08,17.1,7.6,11.9,17.1,4.6,11,1.6,51.6,0.393,100,4.17,rain,0,0,29.2,22.2,82.7,1017.6,71.4,10.6,197.9,17.3,7,10,2024-03-08T06:46:03,2024-03-08T18:22:07,0.93,"Rain, Partially cloudy",Partly cloudy throughout the day with morning rain.,rain,"38583099999,38452099999,38457099999,UTTT,remote"
Tashkent,2024-03-09,12,8,10,12,5.9,8.9,4.2,69.3,6.094,100,8.33,rain,0,0,40.7,25.9,72.8,1016.4,80,8.4,99.6,8.6,5,10,2024-03-09T06:44:25,2024-03-09T18:23:15,0.96,"Rain, Partially cloudy",Partly cloudy throughout the day with rain.,rain,"38583099999,38452099999,38457099999,UTTT"
Tashkent,2024-03-10,12,7.7,9.6,12,5.5,8.7,6.9,84,12.983,100,8.33,rain,0,0,19.1,14.8,74.9,1019.7,74.9,8.2,49.8,4.3,4,10,2024-03-10T06:42:47,2024-03-10T18:24:23,0,"Rain, Partially cloudy",Partly cloudy throughout the day with rain.,rain,"38583099999,38452099999,38457099999,UTTT"
Tashkent,2024-03-11,22,7,13.3,22,5.5,12.7,3.9,55.7,0,0,0,,0,0,24.5,14.8,34,1017.6,76.2,11.7,173.3,14.9,6,10,2024-03-11T06:41:08,2024-03-11T18:25:31,0.03,Partially cloudy,Partly cloudy throughout the day.,partly-cloudy-day,"38583099999,38452099999,38457099999,UTTT"
Tashkent,2024-03-12,13,3.4,8.9,13,-0.2,7.3,6.5,84.8,27.026,100,8.33,rain,0,0,38.2,25.9,301.4,1018.2,92.5,8.8,66.6,5.7,4,10,2024-03-12T06:39:29,2024-03-12T18:26:38,0.06,"Rain, Overcast",Cloudy skies throughout the day with rain.,rain,"38583099999,38452099999,38457099999,UTTT"
Tashkent,2024-03-13,8,2,5.1,6.8,-0.7,3.5,0.3,72.1,4.946,100,4.17,rain,0,0,20.5,14.8,167.5,1026.8,64.8,9.8,173.3,15,7,10,2024-03-13T06:37:49,2024-03-13T18:27:45,0.1,"Rain, Partially cloudy",Partly cloudy throughout the day with morning rain.,rain,"38583099999,38452099999,38457099999,UTTT"
Tashkent,2024-03-14,5,-3.4,0.5,4,-8.1,-2.6,-2.4,81.4,6.991,100,8.33,snow,1,0.3,31.7,22.3,307.5,1030.7,50.4,7.9,104.5,9.2,4,10,2024-03-14T06:36:09,2024-03-14T18:28:52,0.13,"Snow, Partially cloudy",Partly cloudy throughout the day with snow.,snow,"38583099999,38452099999,38457099999,UTTT"
Tashkent,2024-03-15,10,-6,2.6,8.4,-10.8,0.6,-7.9,52.5,0,0,0,,0,0.9,10.8,14.8,9.4,1032.7,18.2,8,238.1,20.5,8,10,2024-03-15T06:34:29,2024-03-15T18:29:58,0.16,Clear,Clear conditions throughout the day.,clear-day,"38583099999,38452099999,38457099999,UTTT"
Tashkent,2024-03-16,14.3,1,7.2,14.3,-2.4,5.9,-6.7,38,0,0,0,,0,0.1,10.4,14.8,74.3,1026.2,5.4,10.5,240.6,20.7,8,10,2024-03-16T06:32:49,2024-03-16T18:31:05,0.2,Clear,Clear conditions throughout the day.,clear-day,"38583099999,38452099999,38457099999,UTTT"
Tashkent,2024-03-17,20.2,1,11.1,20.2,-1.4,10.1,-2,43.4,0,0,0,,0,0,9.4,14.8,77.8,1019.1,19.9,10,236.5,20.4,8,10,2024-03-17T06:31:08,2024-03-17T18:32:11,0.25,Clear,Clear conditions throughout the day.,clear-day,"38583099999,38452099999,38457099999,UTTT"
Tashkent,2024-03-18,22,9,15.4,22,7.2,15.1,0.5,38,0,0,0,,0,0,20.9,14.8,22.1,1019.6,62.5,10,174.1,14.9,7,10,2024-03-18T06:29:27,2024-03-18T18:33:17,0.27,Partially cloudy,Partly cloudy throughout the day.,partly-cloudy-day,"38583099999,38452099999,38457099999,UTTT"
Tashkent,2024-03-19,24,10.6,16.8,24,10.6,16.8,3.1,42.6,0,0,0,,0,0,10.8,18.4,60.7,1017.6,76.4,11.1,157,13.5,6,10,2024-03-19T06:27:46,2024-03-19T18:34:23,0.3,Partially cloudy,Partly cloudy throughout the day.,partly-cloudy-day,"38583099999,38452099999,38457099999,UTTT"
Tashkent,2024-03-20,24.3,15,19.3,24.3,15,19.3,4.7,39.1,0.005,100,4.17,rain,0,0,37.1,25.9,52,1006.4,72.2,10.2,105.1,9.2,5,10,2024-03-20T06:26:05,2024-03-20T18:35:29,0.33,"Rain, Partially cloudy",Partly cloudy throughout the day with late afternoon rain.,rain,"38583099999,38452099999,38457099999,UTTT"
Tashkent,2024-03-21,17,13,15.2,17,13,15.2,10.4,73.9,6.252,100,8.33,rain,0,0,45.7,18.6,196.1,1011.4,73.1,8.9,121,10.4,6,10,2024-03-21T06:24:24,2024-03-21T18:36:34,0.37,"Rain, Partially cloudy",Partly cloudy throughout the day with rain.,rain,"38583099999,38452099999,38457099999,UTTT"
Tashkent,2024-03-22,13,7.9,9.6,13,5.4,8.7,7,83.9,23.671,100,8.33,rain,0,0,55.4,22.3,146.3,1018,74.3,9.3,27.5,2.3,1,10,2024-03-22T06:22:43,2024-03-22T18:37:40,0.4,"Rain, Partially cloudy",Partly cloudy throughout the day with rain.,rain,"38583099999,38452099999,38457099999,UTTT"
Tashkent,2024-03-23,19.6,5,12.7,19.6,1.8,12.2,4.1,60,0,0,0,,0,0,22,18.4,16.8,1015.2,72.1,12.6,175,15.1,6,10,2024-03-23T06:21:01,2024-03-23T18:38:45,0.43,Partially cloudy,Partly cloudy throughout the day.,partly-cloudy-day,"38583099999,38452099999,38457099999,UTTT"
Tashkent,2024-03-24,22.1,7.7,14.8,22.1,6,14.2,1.8,43.1,0,0,0,,0,0,12.6,14.8,75.6,1017.3,60.2,12.6,234,20.3,8,10,2024-03-24T06:19:20,2024-03-24T18:39:50,0.47,Partially cloudy,Partly cloudy throughout the day.,partly-cloudy-day,"38583099999,38452099999,38457099999,UTTT"
Tashkent,2024-03-25,26,11,18.4,26,11,18.4,-0.4,30.5,0,0,0,,0,0,25.9,22.3,52.6,1016.5,45.8,12.6,242.9,21.1,8,10,2024-03-25T06:17:39,2024-03-25T18:40:56,0.5,Partially cloudy,Partly cloudy throughout the day.,partly-cloudy-day,"38583099999,38452099999,38457099999,UTTT"
Tashkent,2024-03-26,27.8,14,19.8,26.6,14,19.8,3.4,36.3,0,0,0,,0,0,42.1,22.3,31.6,1008.5,84.3,12,177.8,15.4,8,10,2024-03-26T06:15:58,2024-03-26T18:42:01,0.53,Partially cloudy,Partly cloudy throughout the day.,partly-cloudy-day,"38583099999,38452099999,38457099999,UTTT"
Tashkent,2024-03-27,24,14.8,18.4,24,14.8,18.4,11.6,67,6.9,100,4.17,rain,0,0,28.4,14.8,82.9,1014.4,67.3,11.7,137.9,11.9,6,10,2024-03-27T06:14:17,2024-03-27T18:43:06,0.57,"Rain, Partially cloudy",Partly cloudy throughout the day with morning rain.,rain,"38583099999,38452099999,UTTT,38457099999"
Tashkent,2024-03-28,17,8,11.8,17,6.7,11.4,7.3,74.9,3.2,100,37.5,rain,0,0,44.3,55.4,315.4,1017.6,70.9,9,69.6,6,5,10,2024-03-28T06:12:36,2024-03-28T18:44:10,0.6,"Rain, Partially cloudy",Partly cloudy throughout the day with rain in the morning and afternoon.,rain,UTTT
Tashkent,2024-03-29,9,7,8.3,9,5.5,7,6,86,1,100,12.5,rain,0,0,26.6,14.8,167.4,1018.8,81.3,6,97.2,8.4,6,10,2024-03-29T06:10:55,2024-03-29T18:45:15,0.64,"Rain, Partially cloudy",Partly cloudy throughout the day with afternoon rain.,rain,UTTT
Tashkent,2024-03-30,12,7,9.1,12,5,8,2.4,64.3,0,0,0,,0,0,23.4,18.4,251.5,1022.2,76,10,216.6,18.8,8,10,2024-03-30T06:09:14,2024-03-30T18:46:20,0.67,Partially cloudy,Partly cloudy throughout the day.,partly-cloudy-day,UTTT
Tashkent,2024-03-31,16,3,10.4,16,0.9,9.4,-0.2,50.8,0,0,0,,0,0,23.4,14.8,40.4,1027,0.3,9,267.3,23,9,10,2024-03-31T06:07:34,2024-03-31T18:47:25,0.71,Clear,Clear conditions throughout the day.,clear-day,UTTT
Tashkent,2024-04-01,19,5,12.9,19,4.8,12.5,-1.3,40.8,0,0,0,,0,0,16.9,18.4,35.7,1020.1,80.2,9,220.6,19.1,7,10,2024-04-01T06:05:54,2024-04-01T18:48:29,0.74,Partially cloudy,Partly cloudy throughout the day.,partly-cloudy-day,"38583099999,38452099999,UTTT,38457099999"
Tashkent,2024-04-02,18,9,13.4,18,7.8,13.1,3.1,50.8,0,0,0,,0,0,19.1,18.4,18.8,1018,83.1,9.8,176.8,15.2,6,10,2024-04-02T06:04:14,2024-04-02T18:49:34,0.75,Partially cloudy,Partly cloudy throughout the day.,partly-cloudy-day,"38583099999,38452099999,38457099999,UTTT"
Tashkent,2024-04-03,17,10,13.1,17,8.4,13,5.6,61.3,0.009,100,8.33,rain,0,0,14,14.8,352.7,1019.8,60.4,7.5,179.7,15.5,7,10,2024-04-03T06:02:34,2024-04-03T18:50:39,0.81,"Rain, Partially cloudy",Partly cloudy throughout the day with rain.,rain,"38583099999,38452099999,UTTT,38457099999"
Tashkent,2024-04-04,20,8,14.9,20,6,14.6,4,51.1,0,0,0,,0,0,21.2,18.4,6.7,1017.4,41.3,9.8,268.6,23.4,9,10,2024-04-04T06:00:55,2024-04-04T18:51:43,0.85,Partially cloudy,Partly cloudy throughout the day.,partly-cloudy-day,"38583099999,38452099999,38457099999,UTTT"
Tashkent,2024-04-05,22,10,16.6,22,8.4,16.4,4.7,48.4,0,0,0,rain,0,0,33.5,25.5,124.6,1015.8,67,9.8,245,21.3,9,10,2024-04-05T05:59:16,2024-04-05T18:52:48,0.88,Partially cloudy,Partly cloudy throughout the day.,partly-cloudy-day,"38583099999,38452099999,38457099999,UTTT"
Tashkent,2024-04-06,16,9,12.6,16,6.7,12.2,7.4,71.9,7.246,100,8.33,rain,0,0,55.4,37.1,85.1,1017.1,63.3,10.8,155.5,13.3,8,10,2024-04-06T05:57:38,2024-04-06T18:53:53,0.91,"Rain, Partially cloudy",Partly cloudy throughout the day with rain.,rain,"38583099999,38452099999,38457099999,UTTT"
Tashkent,2024-04-07,21.5,7,14.9,21.5,4.3,14.3,5.8,57.9,0,0,0,,0,0,15.1,14.8,30.5,1021.2,34.4,10.7,264.2,22.8,8,10,2024-04-07T05:56:00,2024-04-07T18:54:57,0.95,Partially cloudy,Becoming cloudy in the afternoon.,partly-cloudy-day,"38583099999,38452099999,38457099999,UTTT"
Tashkent,2024-04-08,25,11,18.7,25,11,18.7,3.2,38.6,0,0,0,,0,0,18.7,18.4,41.2,1017.8,71,12.6,271.6,23.5,9,10,2024-04-08T05:54:22,2024-04-08T18:56:02,0,Partially cloudy,Partly cloudy throughout the day.,partly-cloudy-day,"38583099999,38452099999,38457099999,UTTT"
Tashkent,2024-04-09,19,12,15.4,19,12,15.4,7.6,61.7,0.085,100,4.17,rain,0,0,42.8,29.5,13.6,1021,75.1,9.6,124.8,10.8,7,10,2024-04-09T05:52:45,2024-04-09T18:57:06,0.02,"Rain, Partially cloudy",Partly cloudy throughout the day with morning rain.,rain,"38583099999,38452099999,38457099999,UTTT"
Tashkent,2024-04-10,22,9,16.2,22,7.2,15.7,6.5,55.6,0,0,0,,0,0,14.8,14.8,25.5,1020.1,3.2,9.8,280.7,24.2,9,10,2024-04-10T05:51:08,2024-04-10T18:58:11,0.05,Clear,Clear conditions throughout the day.,clear-day,UTTT
Tashkent,2024-04-11,26,11,18.6,26,11,18.6,9.6,57.4,0.2,100,4.17,rain,0,0,19.4,14.8,357,1012.3,62.4,8.3,265,22.9,9,10,2024-04-11T05:49:32,2024-04-11T18:59:15,0.08,"Rain, Partially cloudy",Partly cloudy throughout the day with late afternoon rain.,rain,UTTT
Tashkent,2024-04-12,22,14,17.9,22,14,17.9,12.5,71.9,1.6,100,29.17,rain,0,0,43.2,18.4,333.3,1009.8,88.6,6.8,109.6,9.5,5,10,2024-04-12T05:47:57,2024-04-12T19:00:20,0.12,"Rain, Partially cloudy",Partly cloudy throughout the day with rain clearing later.,rain,UTTT
